Inventory_ID,Warehouse_ID,Product_ID,Current_Stock,Reserved_Stock,Safety_Stock,Last_Restock_Date
INV0001,WH001,PROD0471,160,63,31,2026-06-17
INV0002,WH029,PROD0458,63,23,10,2026-05-20
INV0003,WH006,PROD0413,356,110,131,2026-06-18
INV0004,WH016,PROD0023,131,14,22,2026-04-24
INV0005,WH047,PROD0004,601,197,134,2026-07-09
INV0006,WH007,PROD0046,615,229,104,2026-07-08
INV0007,WH028,PROD0357,457,143,149,2026-06-30
INV0008,WH011,PROD0014,199,56,110,2026-07-21
INV0009,WH011,PROD0120,146,17,123,2026-07-11
INV0010,WH009,PROD0152,571,73,37,2026-06-24
INV0011,WH008,PROD0372,195,52,18,2026-05-17
INV0012,WH020,PROD0428,542,185,49,2026-07-18
INV0013,WH025,PROD0004,275,65,77,2026-07-20
INV0014,WH027,PROD0056,186,23,127,2026-07-12
INV0015,WH007,PROD0223,1239,134,458,2026-07-18
INV0016,WH046,PROD0285,183,66,38,2026-04-18
INV0017,WH022,PROD0454,2155,859,180,2026-07-18
INV0018,WH037,PROD0111,2139,564,317,2026-07-29
INV0019,WH018,PROD0162,366,136,107,2026-07-09
INV0020,WH002,PROD0101,515,165,67,2026-06-28
INV0021,WH006,PROD0448,695,253,44,2026-07-14
INV0022,WH045,PROD0274,38,7,40,2026-05-02
INV0023,WH046,PROD0378,853,96,127,2026-07-23
INV0024,WH009,PROD0124,151,54,95,2026-06-18
INV0025,WH036,PROD0043,447,36,97,2026-06-18
INV0026,WH036,PROD0070,55,12,7,2026-05-09
INV0027,WH009,PROD0412,66,6,10,2026-04-27
INV0028,WH028,PROD0370,749,230,99,2026-07-17
INV0029,WH011,PROD0349,1431,88,272,2026-07-31
INV0030,WH002,PROD0397,180,14,6,2026-06-29
INV0031,WH048,PROD0414,173,50,10,2026-06-22
INV0032,WH007,PROD0225,651,45,112,2026-06-29
INV0033,WH039,PROD0014,253,46,75,2026-07-02
INV0034,WH033,PROD0331,84,8,23,2026-05-30
INV0035,WH010,PROD0308,181,27,39,2026-05-02
INV0036,WH050,PROD0040,254,57,52,2026-07-04
INV0037,WH021,PROD0195,580,117,35,2026-06-20
INV0038,WH039,PROD0026,10,1,21,2026-06-01
INV0039,WH006,PROD0186,2413,247,240,2026-07-23
INV0040,WH008,PROD0121,1991,287,176,2026-07-19
INV0041,WH021,PROD0190,777,123,36,2026-06-29
INV0042,WH037,PROD0193,196,58,7,2026-04-23
INV0043,WH004,PROD0209,312,81,60,2026-06-26
INV0044,WH030,PROD0317,100,32,6,2026-04-14
INV0045,WH034,PROD0095,228,32,38,2026-07-19
INV0046,WH008,PROD0444,501,46,62,2026-06-19
INV0047,WH034,PROD0379,105,40,63,2026-07-06
INV0048,WH036,PROD0486,2240,841,355,2026-07-17
INV0049,WH025,PROD0368,292,55,97,2026-07-18
INV0050,WH044,PROD0034,879,234,456,2026-07-25
INV0051,WH011,PROD0268,156,24,24,2026-05-11
INV0052,WH027,PROD0388,193,58,13,2026-05-16
INV0053,WH028,PROD0110,36,2,24,2026-05-31
INV0054,WH025,PROD0150,171,29,29,2026-06-12
INV0055,WH049,PROD0149,20,6,16,2026-05-12
INV0056,WH024,PROD0175,1065,410,250,2026-07-28
INV0057,WH002,PROD0343,646,101,340,2026-07-25
INV0058,WH019,PROD0263,2472,917,358,2026-07-17
INV0059,WH047,PROD0056,477,140,60,2026-06-17
INV0060,WH018,PROD0170,195,51,13,2026-05-04
INV0061,WH044,PROD0353,97,28,7,2026-05-26
INV0062,WH019,PROD0123,62,24,18,2026-06-06
INV0063,WH013,PROD0425,144,23,21,2026-04-18
INV0064,WH026,PROD0373,66,5,14,2026-06-19
INV0065,WH030,PROD0270,2210,719,469,2026-07-17
INV0066,WH039,PROD0500,60,4,20,2026-04-18
INV0067,WH032,PROD0111,851,138,307,2026-07-21
INV0068,WH027,PROD0438,135,51,122,2026-07-18
INV0069,WH040,PROD0390,139,55,36,2026-05-22
INV0070,WH033,PROD0440,1967,594,498,2026-07-23
INV0071,WH001,PROD0006,1057,62,206,2026-07-18
INV0072,WH038,PROD0055,1670,148,498,2026-07-25
INV0073,WH039,PROD0269,13,2,20,2026-04-05
INV0074,WH045,PROD0255,77,7,23,2026-04-17
INV0075,WH027,PROD0470,10,1,18,2026-05-13
INV0076,WH009,PROD0454,537,140,139,2026-07-27
INV0077,WH034,PROD0328,157,37,23,2026-06-19
INV0078,WH026,PROD0272,132,33,26,2026-06-29
INV0079,WH027,PROD0100,274,103,134,2026-07-12
INV0080,WH033,PROD0076,28,4,20,2026-05-06
INV0081,WH005,PROD0048,75,23,7,2026-04-04
INV0082,WH009,PROD0267,147,50,31,2026-06-27
INV0083,WH050,PROD0406,96,36,20,2026-04-30
INV0084,WH048,PROD0024,142,44,11,2026-06-18
INV0085,WH002,PROD0481,472,187,198,2026-07-18
INV0086,WH014,PROD0185,109,8,30,2026-04-16
INV0087,WH002,PROD0198,930,70,450,2026-07-24
INV0088,WH014,PROD0052,1018,141,493,2026-07-28
INV0089,WH004,PROD0419,540,61,95,2026-06-17
INV0090,WH032,PROD0321,2287,563,317,2026-07-19
INV0091,WH040,PROD0108,144,44,21,2026-05-26
INV0092,WH016,PROD0156,151,59,5,2026-04-26
INV0093,WH022,PROD0153,70,25,35,2026-04-08
INV0094,WH034,PROD0070,114,15,7,2026-06-05
INV0095,WH047,PROD0064,154,32,43,2026-06-29
INV0096,WH039,PROD0421,148,58,94,2026-06-29
INV0097,WH005,PROD0412,84,9,23,2026-04-20
INV0098,WH029,PROD0131,159,50,15,2026-05-12
INV0099,WH040,PROD0483,2023,506,492,2026-07-22
INV0100,WH050,PROD0337,403,110,136,2026-06-17
INV0101,WH048,PROD0374,183,66,34,2026-06-21
INV0102,WH035,PROD0402,103,39,29,2026-04-12
INV0103,WH022,PROD0290,205,65,67,2026-07-21
INV0104,WH037,PROD0317,59,5,16,2026-06-08
INV0105,WH015,PROD0151,244,46,129,2026-06-25
INV0106,WH040,PROD0359,123,12,101,2026-06-22
INV0107,WH030,PROD0392,116,23,6,2026-04-11
INV0108,WH020,PROD0288,1234,156,366,2026-07-22
INV0109,WH039,PROD0465,470,171,113,2026-07-07
INV0110,WH043,PROD0460,153,51,6,2026-05-27
INV0111,WH027,PROD0455,179,65,12,2026-06-14
INV0112,WH028,PROD0175,422,146,381,2026-07-19
INV0113,WH038,PROD0391,467,94,99,2026-07-13
INV0114,WH036,PROD0196,686,132,78,2026-06-30
INV0115,WH014,PROD0008,675,56,91,2026-06-25
INV0116,WH010,PROD0393,294,46,133,2026-06-19
INV0117,WH049,PROD0062,74,14,17,2026-05-29
INV0118,WH038,PROD0408,418,60,138,2026-06-20
INV0119,WH002,PROD0427,52,2,35,2026-06-04
INV0120,WH033,PROD0223,1900,758,299,2026-07-30
INV0121,WH049,PROD0199,615,48,55,2026-07-18
INV0122,WH040,PROD0172,126,22,36,2026-07-18
INV0123,WH042,PROD0143,628,164,250,2026-07-21
INV0124,WH021,PROD0028,564,198,82,2026-07-11
INV0125,WH038,PROD0487,123,12,31,2026-04-13
INV0126,WH015,PROD0327,386,140,64,2026-07-21
INV0127,WH039,PROD0145,500,150,50,2026-07-19
INV0128,WH009,PROD0372,113,10,31,2026-04-08
INV0129,WH002,PROD0285,33,11,36,2026-04-13
INV0130,WH004,PROD0083,154,8,9,2026-05-30
INV0131,WH044,PROD0274,77,9,9,2026-06-08
INV0132,WH006,PROD0480,235,41,149,2026-07-02
INV0133,WH013,PROD0177,112,26,11,2026-05-04
INV0134,WH001,PROD0105,972,75,447,2026-07-30
INV0135,WH025,PROD0058,324,43,126,2026-06-25
INV0136,WH043,PROD0163,43,10,34,2026-04-30
INV0137,WH025,PROD0063,1079,82,211,2026-07-24
INV0138,WH019,PROD0158,1383,420,403,2026-07-31
INV0139,WH038,PROD0166,22,3,14,2026-05-13
INV0140,WH007,PROD0221,382,50,66,2026-07-19
INV0141,WH017,PROD0426,716,169,303,2026-07-24
INV0142,WH030,PROD0380,611,66,115,2026-06-20
INV0143,WH001,PROD0427,51,18,10,2026-05-01
INV0144,WH012,PROD0053,170,39,17,2026-05-30
INV0145,WH011,PROD0294,149,48,26,2026-05-01
INV0146,WH029,PROD0120,536,190,140,2026-07-08
INV0147,WH008,PROD0435,627,180,52,2026-06-18
INV0148,WH002,PROD0174,1237,256,393,2026-07-19
INV0149,WH032,PROD0403,189,37,39,2026-04-12
INV0150,WH008,PROD0233,589,112,119,2026-07-19
INV0151,WH016,PROD0461,113,39,38,2026-06-14
INV0152,WH049,PROD0002,106,8,39,2026-06-14
INV0153,WH012,PROD0115,171,48,27,2026-05-22
INV0154,WH026,PROD0348,1799,300,107,2026-07-19
INV0155,WH007,PROD0352,77,7,30,2026-04-21
INV0156,WH042,PROD0395,54,5,9,2026-04-20
INV0157,WH030,PROD0387,162,41,7,2026-04-22
INV0158,WH018,PROD0121,2061,493,419,2026-07-22
INV0159,WH002,PROD0488,50,17,13,2026-06-28
INV0160,WH039,PROD0355,196,67,19,2026-04-09
INV0161,WH047,PROD0307,356,98,94,2026-07-04
INV0162,WH039,PROD0173,198,53,37,2026-04-23
INV0163,WH019,PROD0178,2150,489,420,2026-07-23
INV0164,WH049,PROD0468,136,11,118,2026-06-24
INV0165,WH016,PROD0459,1945,422,329,2026-07-25
INV0166,WH043,PROD0096,407,59,415,2026-07-24
INV0167,WH040,PROD0033,742,165,114,2026-06-23
INV0168,WH025,PROD0278,253,57,139,2026-06-25
INV0169,WH010,PROD0429,43,10,25,2026-04-27
INV0170,WH048,PROD0020,870,50,39,2026-05-23
INV0171,WH044,PROD0321,1272,373,288,2026-07-31
INV0172,WH043,PROD0459,1776,325,486,2026-07-25
INV0173,WH044,PROD0234,155,44,7,2026-06-29
INV0174,WH035,PROD0091,1703,234,291,2026-07-27
INV0175,WH026,PROD0236,161,15,30,2026-06-07
INV0176,WH040,PROD0151,290,78,111,2026-07-07
INV0177,WH035,PROD0379,689,224,138,2026-07-05
INV0178,WH015,PROD0444,299,50,99,2026-07-16
INV0179,WH006,PROD0351,1642,519,195,2026-07-23
INV0180,WH031,PROD0092,451,175,79,2026-07-12
INV0181,WH038,PROD0114,327,85,73,2026-06-19
INV0182,WH007,PROD0115,139,41,11,2026-04-22
INV0183,WH042,PROD0251,631,241,63,2026-06-28
INV0184,WH002,PROD0313,428,137,126,2026-06-21
INV0185,WH017,PROD0115,11,2,17,2026-05-24
INV0186,WH044,PROD0458,141,52,9,2026-06-18
INV0187,WH011,PROD0025,1115,330,367,2026-07-18
INV0188,WH018,PROD0407,138,17,41,2026-06-29
INV0189,WH021,PROD0151,564,191,43,2026-07-02
INV0190,WH014,PROD0374,54,19,28,2026-04-14
INV0191,WH031,PROD0373,144,47,11,2026-06-02
INV0192,WH021,PROD0024,14,4,22,2026-06-13
INV0193,WH007,PROD0146,189,21,34,2026-06-30
INV0194,WH034,PROD0486,799,186,456,2026-07-22
INV0195,WH039,PROD0376,43,6,35,2026-07-02
INV0196,WH033,PROD0270,1726,624,305,2026-07-29
INV0197,WH036,PROD0415,119,45,31,2026-06-25
INV0198,WH038,PROD0260,116,23,33,2026-04-25
INV0199,WH011,PROD0071,2318,529,461,2026-07-26
INV0200,WH043,PROD0144,654,200,110,2026-07-01
INV0201,WH024,PROD0408,424,47,130,2026-07-04
INV0202,WH040,PROD0467,221,87,40,2026-06-25
INV0203,WH001,PROD0452,20,6,7,2026-06-13
INV0204,WH015,PROD0301,762,57,142,2026-07-08
INV0205,WH042,PROD0450,39,2,25,2026-05-23
INV0206,WH022,PROD0247,438,119,367,2026-07-28
INV0207,WH048,PROD0094,798,124,42,2026-07-04
INV0208,WH034,PROD0316,108,28,29,2026-04-18
INV0209,WH010,PROD0256,327,119,84,2026-06-24
INV0210,WH047,PROD0487,84,26,31,2026-06-13
INV0211,WH033,PROD0379,271,40,147,2026-06-29
INV0212,WH005,PROD0270,1194,286,188,2026-07-20
INV0213,WH048,PROD0069,58,6,9,2026-06-16
INV0214,WH042,PROD0004,741,52,69,2026-07-17
INV0215,WH006,PROD0267,72,15,31,2026-05-30
INV0216,WH036,PROD0238,98,10,6,2026-04-25
INV0217,WH034,PROD0362,32,10,34,2026-06-10
INV0218,WH031,PROD0238,92,22,21,2026-05-17
INV0219,WH009,PROD0195,258,42,140,2026-07-20
INV0220,WH033,PROD0419,785,144,124,2026-06-23
INV0221,WH016,PROD0374,36,8,30,2026-06-26
INV0222,WH029,PROD0492,40,2,35,2026-06-10
INV0223,WH013,PROD0227,1189,301,389,2026-07-21
INV0224,WH002,PROD0167,286,72,52,2026-07-13
INV0225,WH040,PROD0110,199,76,31,2026-06-11
INV0226,WH021,PROD0337,699,92,39,2026-07-03
INV0227,WH016,PROD0460,52,9,25,2026-04-10
INV0228,WH037,PROD0439,148,36,18,2026-05-23
INV0229,WH027,PROD0063,2303,488,471,2026-07-21
INV0230,WH032,PROD0113,961,131,301,2026-07-27
INV0231,WH022,PROD0134,74,22,36,2026-04-15
INV0232,WH029,PROD0310,159,18,33,2026-07-02
INV0233,WH005,PROD0083,24,6,26,2026-06-01
INV0234,WH049,PROD0270,2338,292,468,2026-07-30
INV0235,WH021,PROD0071,2425,247,224,2026-07-29
INV0236,WH049,PROD0498,703,124,168,2026-07-19
INV0237,WH047,PROD0442,155,17,100,2026-07-10
INV0238,WH017,PROD0390,151,50,36,2026-04-16
INV0239,WH030,PROD0266,138,28,37,2026-04-21
INV0240,WH045,PROD0379,481,84,115,2026-06-20
INV0241,WH035,PROD0202,25,1,7,2026-06-07
INV0242,WH016,PROD0473,109,38,10,2026-04-20
INV0243,WH008,PROD0236,27,10,27,2026-06-12
INV0244,WH037,PROD0461,33,9,6,2026-06-13
INV0245,WH047,PROD0483,1726,142,439,2026-07-31
INV0246,WH018,PROD0335,2394,632,198,2026-07-31
INV0247,WH001,PROD0296,2002,247,340,2026-07-30
INV0248,WH006,PROD0312,771,51,174,2026-07-25
INV0249,WH010,PROD0060,63,22,15,2026-06-17
INV0250,WH030,PROD0210,577,39,126,2026-07-14
INV0251,WH048,PROD0345,32,5,12,2026-06-18
INV0252,WH012,PROD0022,40,3,7,2026-05-06
INV0253,WH048,PROD0474,641,241,127,2026-06-24
INV0254,WH040,PROD0383,319,79,34,2026-07-04
INV0255,WH022,PROD0107,649,135,31,2026-07-11
INV0256,WH020,PROD0398,2433,772,153,2026-07-29
INV0257,WH007,PROD0047,391,113,32,2026-06-17
INV0258,WH009,PROD0473,96,27,5,2026-04-20
INV0259,WH010,PROD0306,83,4,29,2026-06-16
INV0260,WH013,PROD0359,475,163,74,2026-06-28
INV0261,WH048,PROD0377,770,231,30,2026-07-09
INV0262,WH023,PROD0066,2333,195,108,2026-07-19
INV0263,WH008,PROD0073,80,30,17,2026-05-09
INV0264,WH035,PROD0188,109,13,24,2026-06-16
INV0265,WH005,PROD0455,200,19,14,2026-06-29
INV0266,WH004,PROD0217,226,49,76,2026-07-12
INV0267,WH018,PROD0031,270,55,106,2026-07-19
INV0268,WH006,PROD0221,536,104,140,2026-07-21
INV0269,WH019,PROD0272,176,28,11,2026-05-20
INV0270,WH011,PROD0424,331,98,213,2026-07-20
INV0271,WH016,PROD0031,227,83,32,2026-06-29
INV0272,WH032,PROD0289,173,34,33,2026-05-16
INV0273,WH040,PROD0034,1819,522,326,2026-07-22
INV0274,WH024,PROD0146,535,203,137,2026-07-11
INV0275,WH007,PROD0071,1328,67,336,2026-07-25
INV0276,WH004,PROD0394,40,2,37,2026-06-17
INV0277,WH048,PROD0406,115,9,40,2026-06-03
INV0278,WH049,PROD0483,668,132,350,2026-07-29
INV0279,WH001,PROD0265,699,124,472,2026-07-21
INV0280,WH038,PROD0016,743,52,275,2026-07-20
INV0281,WH033,PROD0022,114,15,33,2026-06-19
INV0282,WH015,PROD0171,181,31,36,2026-07-04
INV0283,WH018,PROD0252,86,9,17,2026-05-12
INV0284,WH002,PROD0009,2082,491,193,2026-07-26
INV0285,WH023,PROD0229,536,138,120,2026-06-25
INV0286,WH014,PROD0062,153,18,5,2026-05-21
INV0287,WH050,PROD0103,721,243,81,2026-07-12
INV0288,WH029,PROD0473,75,15,32,2026-05-13
INV0289,WH023,PROD0300,562,191,368,2026-07-28
INV0290,WH031,PROD0010,18,3,8,2026-05-29
INV0291,WH020,PROD0495,438,137,110,2026-07-21
INV0292,WH004,PROD0229,702,65,92,2026-06-23
INV0293,WH002,PROD0384,1375,330,399,2026-07-28
INV0294,WH005,PROD0421,676,169,126,2026-07-05
INV0295,WH043,PROD0363,26,1,25,2026-06-10
INV0296,WH033,PROD0020,160,54,24,2026-04-11
INV0297,WH026,PROD0402,165,45,38,2026-04-30
INV0298,WH013,PROD0238,161,14,33,2026-04-06
INV0299,WH039,PROD0285,84,30,11,2026-05-11
INV0300,WH010,PROD0111,2286,502,246,2026-07-31
INV0301,WH016,PROD0120,278,56,127,2026-07-02
INV0302,WH045,PROD0496,627,159,115,2026-07-04
INV0303,WH040,PROD0229,115,12,38,2026-07-06
INV0304,WH043,PROD0072,16,1,18,2026-05-04
INV0305,WH035,PROD0433,53,10,11,2026-06-21
INV0306,WH043,PROD0341,775,64,33,2026-07-06
INV0307,WH035,PROD0484,185,53,60,2026-06-29
INV0308,WH037,PROD0263,2366,489,499,2026-07-22
INV0309,WH008,PROD0043,555,125,32,2026-06-18
INV0310,WH019,PROD0476,2381,802,115,2026-07-18
INV0311,WH035,PROD0476,1934,458,233,2026-07-27
INV0312,WH008,PROD0232,101,31,38,2026-04-28
INV0313,WH029,PROD0498,2376,894,291,2026-07-24
INV0314,WH004,PROD0416,405,26,232,2026-07-23
INV0315,WH031,PROD0342,195,67,136,2026-07-11
INV0316,WH006,PROD0154,162,51,30,2026-06-21
INV0317,WH011,PROD0262,137,35,22,2026-06-11
INV0318,WH033,PROD0078,128,48,30,2026-04-19
INV0319,WH031,PROD0341,750,48,36,2026-07-05
INV0320,WH046,PROD0061,364,118,145,2026-07-17
INV0321,WH023,PROD0219,21,5,36,2026-04-23
INV0322,WH019,PROD0346,186,23,40,2026-04-22
INV0323,WH023,PROD0055,2185,766,397,2026-07-19
INV0324,WH042,PROD0204,56,3,23,2026-04-12
INV0325,WH027,PROD0360,173,31,23,2026-04-15
INV0326,WH047,PROD0136,2058,429,113,2026-07-27
INV0327,WH005,PROD0228,12,2,14,2026-04-22
INV0328,WH011,PROD0478,101,19,20,2026-04-13
INV0329,WH009,PROD0001,614,87,103,2026-07-08
INV0330,WH045,PROD0257,68,6,7,2026-05-08
INV0331,WH031,PROD0078,144,36,33,2026-04-16
INV0332,WH040,PROD0427,26,1,10,2026-05-25
INV0333,WH008,PROD0301,354,141,75,2026-07-12
INV0334,WH046,PROD0209,210,45,59,2026-07-09
INV0335,WH001,PROD0175,1064,395,227,2026-07-31
INV0336,WH033,PROD0049,510,187,72,2026-07-21
INV0337,WH018,PROD0385,409,57,93,2026-07-13
INV0338,WH028,PROD0163,176,51,7,2026-06-08
INV0339,WH037,PROD0214,112,35,9,2026-05-03
INV0340,WH048,PROD0034,2412,338,164,2026-07-20
INV0341,WH049,PROD0280,171,40,7,2026-04-24
INV0342,WH001,PROD0444,510,51,89,2026-06-17
INV0343,WH029,PROD0139,115,37,38,2026-06-19
INV0344,WH040,PROD0095,503,191,110,2026-06-28
INV0345,WH040,PROD0340,147,57,20,2026-04-04
INV0346,WH040,PROD0282,550,100,69,2026-06-20
INV0347,WH006,PROD0168,448,175,105,2026-07-06
INV0348,WH004,PROD0057,41,11,13,2026-04-17
INV0349,WH044,PROD0400,132,38,28,2026-06-01
INV0350,WH045,PROD0023,99,21,12,2026-06-23
INV0351,WH047,PROD0032,332,104,136,2026-06-18
INV0352,WH026,PROD0107,531,102,70,2026-07-07
INV0353,WH009,PROD0052,2408,396,396,2026-07-27
INV0354,WH025,PROD0249,107,27,36,2026-07-21
INV0355,WH020,PROD0414,44,17,24,2026-04-26
INV0356,WH004,PROD0151,485,157,78,2026-07-05
INV0357,WH036,PROD0315,121,23,32,2026-04-30
INV0358,WH028,PROD0135,51,8,5,2026-05-24
INV0359,WH032,PROD0388,123,44,26,2026-04-25
INV0360,WH020,PROD0394,91,29,19,2026-06-08
INV0361,WH002,PROD0218,43,6,20,2026-05-16
INV0362,WH025,PROD0402,43,7,16,2026-05-10
INV0363,WH007,PROD0204,171,44,26,2026-04-16
INV0364,WH004,PROD0005,2042,235,182,2026-07-18
INV0365,WH019,PROD0093,125,36,32,2026-05-02
INV0366,WH026,PROD0069,90,5,9,2026-05-14
INV0367,WH018,PROD0364,202,74,41,2026-06-29
INV0368,WH017,PROD0274,142,7,29,2026-06-25
INV0369,WH035,PROD0008,210,82,90,2026-06-19
INV0370,WH032,PROD0287,42,4,17,2026-06-22
INV0371,WH023,PROD0228,13,1,22,2026-05-06
INV0372,WH017,PROD0437,52,5,32,2026-06-23
INV0373,WH011,PROD0028,308,40,97,2026-07-06
INV0374,WH031,PROD0176,1233,362,320,2026-07-26
INV0375,WH049,PROD0273,149,25,89,2026-06-17
INV0376,WH011,PROD0189,1384,219,363,2026-07-29
INV0377,WH036,PROD0356,69,24,37,2026-05-22
INV0378,WH049,PROD0487,78,22,8,2026-06-28
INV0379,WH020,PROD0335,1804,385,246,2026-07-21
INV0380,WH013,PROD0433,29,11,12,2026-06-15
INV0381,WH046,PROD0230,83,26,39,2026-04-15
INV0382,WH032,PROD0350,647,236,330,2026-07-24
INV0383,WH014,PROD0125,180,49,23,2026-04-11
INV0384,WH032,PROD0087,17,4,17,2026-04-22
INV0385,WH005,PROD0460,131,36,27,2026-07-01
INV0386,WH005,PROD0311,109,15,20,2026-06-27
INV0387,WH013,PROD0017,108,32,19,2026-05-22
INV0388,WH010,PROD0137,169,58,19,2026-05-21
INV0389,WH001,PROD0019,749,172,124,2026-07-16
INV0390,WH026,PROD0226,131,30,37,2026-05-27
INV0391,WH028,PROD0177,54,7,22,2026-05-31
INV0392,WH024,PROD0134,77,26,32,2026-06-26
INV0393,WH035,PROD0451,470,101,118,2026-07-18
INV0394,WH029,PROD0361,665,182,43,2026-07-22
INV0395,WH047,PROD0343,1612,416,223,2026-07-21
INV0396,WH030,PROD0492,138,19,37,2026-04-09
INV0397,WH025,PROD0412,169,39,32,2026-04-18
INV0398,WH049,PROD0354,549,119,256,2026-07-26
INV0399,WH031,PROD0054,80,7,33,2026-04-06
INV0400,WH003,PROD0415,32,9,39,2026-05-15
INV0401,WH009,PROD0464,62,8,40,2026-04-10
INV0402,WH034,PROD0121,1275,109,390,2026-07-19
INV0403,WH042,PROD0338,150,28,36,2026-06-29
INV0404,WH037,PROD0108,54,20,38,2026-04-28
INV0405,WH036,PROD0474,317,29,51,2026-07-13
INV0406,WH001,PROD0095,335,18,52,2026-07-22
INV0407,WH025,PROD0237,2077,136,294,2026-07-30
INV0408,WH041,PROD0306,181,39,40,2026-04-07
INV0409,WH001,PROD0281,185,21,134,2026-07-04
INV0410,WH006,PROD0148,25,3,20,2026-04-23
INV0411,WH016,PROD0329,31,10,37,2026-06-26
INV0412,WH049,PROD0393,663,78,112,2026-07-14
INV0413,WH038,PROD0162,792,49,131,2026-07-16
INV0414,WH050,PROD0009,13032,804,484,2026-07-25
INV0415,WH022,PROD0488,200,68,29,2026-05-07
INV0416,WH045,PROD0024,121,22,32,2026-04-08
INV0417,WH005,PROD0007,175,27,30,2026-05-16
INV0418,WH006,PROD0361,330,109,66,2026-07-22
INV0419,WH007,PROD0205,728,233,134,2026-07-05
INV0420,WH034,PROD0315,13,4,28,2026-04-22
INV0421,WH036,PROD0104,85,15,40,2026-06-14
INV0422,WH037,PROD0319,1959,514,181,2026-07-25
INV0423,WH034,PROD0120,652,159,85,2026-06-17
INV0424,WH037,PROD0061,583,188,97,2026-06-21
INV0425,WH002,PROD0190,705,124,84,2026-07-11
INV0426,WH037,PROD0233,486,45,32,2026-07-07
INV0427,WH009,PROD0221,467,117,88,2026-06-19
INV0428,WH012,PROD0195,115,28,68,2026-07-17
INV0429,WH037,PROD0189,870,183,137,2026-07-19
INV0430,WH021,PROD0498,782,164,335,2026-07-24
INV0431,WH043,PROD0383,241,44,92,2026-07-04
INV0432,WH005,PROD0050,654,65,116,2026-06-17
INV0433,WH046,PROD0304,113,16,13,2026-05-08
INV0434,WH039,PROD0483,2255,576,271,2026-07-23
INV0435,WH046,PROD0452,77,28,28,2026-05-29
INV0436,WH036,PROD0178,1502,513,290,2026-07-24
INV0437,WH028,PROD0400,139,48,13,2026-07-02
INV0438,WH024,PROD0255,10,0,6,2026-06-26
INV0439,WH046,PROD0461,97,37,31,2026-05-28
INV0440,WH014,PROD0424,857,302,242,2026-07-18
INV0441,WH033,PROD0084,673,242,108,2026-07-02
INV0442,WH018,PROD0003,539,125,145,2026-07-24
INV0443,WH034,PROD0094,264,79,118,2026-07-06
INV0444,WH009,PROD0215,28,10,29,2026-04-24
INV0445,WH024,PROD0004,593,192,38,2026-07-19
INV0446,WH042,PROD0358,25,6,10,2026-06-18
INV0447,WH040,PROD0092,574,225,143,2026-07-16
INV0448,WH021,PROD0096,2050,733,141,2026-07-20
INV0449,WH015,PROD0485,122,11,8,2026-04-21
INV0450,WH030,PROD0037,120,6,25,2026-04-06
INV0451,WH017,PROD0464,189,47,10,2026-04-29
INV0452,WH046,PROD0168,400,131,59,2026-07-13
INV0453,WH027,PROD0304,152,25,18,2026-05-11
INV0454,WH018,PROD0490,130,44,12,2026-05-11
INV0455,WH040,PROD0407,627,245,148,2026-07-13
INV0456,WH020,PROD0416,638,203,209,2026-07-17
INV0457,WH003,PROD0133,1661,287,123,2026-07-29
INV0458,WH040,PROD0207,327,24,117,2026-07-11
INV0459,WH014,PROD0498,1774,414,324,2026-07-27
INV0460,WH016,PROD0173,48,3,31,2026-04-26
INV0461,WH035,PROD0223,459,94,481,2026-07-25
INV0462,WH015,PROD0368,357,134,144,2026-07-03
INV0463,WH036,PROD0156,55,10,25,2026-06-03
INV0464,WH041,PROD0497,86,20,30,2026-06-15
INV0465,WH029,PROD0475,80,14,8,2026-05-13
INV0466,WH023,PROD0041,103,12,30,2026-06-12
INV0467,WH001,PROD0305,439,73,376,2026-07-17
INV0468,WH007,PROD0022,136,38,24,2026-06-29
INV0469,WH015,PROD0052,641,206,151,2026-07-24
INV0470,WH007,PROD0308,185,30,6,2026-06-14
INV0471,WH029,PROD0350,1893,560,127,2026-07-21
INV0472,WH002,PROD0208,1819,611,219,2026-07-26
INV0473,WH045,PROD0482,640,255,449,2026-07-29
INV0474,WH043,PROD0070,56,18,33,2026-05-23
INV0475,WH023,PROD0447,543,190,105,2026-07-29
INV0476,WH045,PROD0471,22,1,10,2026-05-23
INV0477,WH047,PROD0477,56,16,27,2026-04-10
INV0478,WH029,PROD0325,168,34,26,2026-06-28
INV0479,WH032,PROD0052,2114,730,460,2026-07-28
INV0480,WH036,PROD0026,100,5,28,2026-04-11
INV0481,WH049,PROD0425,26,10,8,2026-07-01
INV0482,WH044,PROD0319,1185,358,255,2026-07-19
INV0483,WH038,PROD0061,103,9,65,2026-06-30
INV0484,WH014,PROD0220,486,143,359,2026-07-22
INV0485,WH005,PROD0037,148,39,24,2026-04-13
INV0486,WH015,PROD0335,1679,608,415,2026-07-22
INV0487,WH023,PROD0178,1297,322,291,2026-07-21
INV0488,WH024,PROD0199,172,33,34,2026-07-19
INV0489,WH037,PROD0007,174,43,6,2026-05-13
INV0490,WH036,PROD0031,175,52,99,2026-06-28
INV0491,WH003,PROD0399,188,42,20,2026-05-02
INV0492,WH009,PROD0367,1192,297,439,2026-07-28
INV0493,WH038,PROD0358,105,5,19,2026-06-30
INV0494,WH025,PROD0389,50,2,26,2026-05-22
INV0495,WH023,PROD0425,12,1,9,2026-04-30
INV0496,WH017,PROD0067,110,9,16,2026-05-27
INV0497,WH012,PROD0299,162,45,110,2026-07-11
INV0498,WH050,PROD0077,324,51,131,2026-07-08
INV0499,WH005,PROD0008,132,36,103,2026-07-20
INV0500,WH044,PROD0024,101,27,20,2026-07-02
INV0501,WH036,PROD0468,523,70,95,2026-07-06
INV0502,WH008,PROD0046,493,62,80,2026-06-24
INV0503,WH001,PROD0145,794,132,72,2026-06-23
INV0504,WH037,PROD0285,149,52,33,2026-05-22
INV0505,WH006,PROD0088,2034,383,259,2026-07-29
INV0506,WH016,PROD0215,181,65,16,2026-07-01
INV0507,WH024,PROD0182,633,88,53,2026-07-18
INV0508,WH002,PROD0356,162,59,13,2026-07-02
INV0509,WH023,PROD0432,265,13,58,2026-06-17
INV0510,WH045,PROD0491,989,324,150,2026-07-21
INV0511,WH011,PROD0035,100,23,38,2026-06-17
INV0512,WH047,PROD0003,1799,363,389,2026-07-30
INV0513,WH033,PROD0224,64,10,39,2026-05-16
INV0514,WH047,PROD0302,420,122,102,2026-06-23
INV0515,WH046,PROD0354,685,158,295,2026-07-23
INV0516,WH049,PROD0396,96,22,20,2026-05-02
INV0517,WH039,PROD0440,1184,464,134,2026-07-23
INV0518,WH010,PROD0261,695,230,91,2026-07-11
INV0519,WH020,PROD0444,154,61,114,2026-07-16
INV0520,WH047,PROD0387,132,9,15,2026-07-02
INV0521,WH035,PROD0066,1236,470,169,2026-07-21
INV0522,WH006,PROD0143,1441,402,349,2026-07-27
INV0523,WH048,PROD0441,144,28,12,2026-06-24
INV0524,WH024,PROD0296,1103,315,458,2026-07-31
INV0525,WH048,PROD0007,42,5,7,2026-04-12
INV0526,WH046,PROD0357,252,24,58,2026-07-14
INV0527,WH023,PROD0436,820,70,456,2026-07-17
INV0528,WH013,PROD0022,43,8,37,2026-06-21
INV0529,WH027,PROD0130,111,32,17,2026-07-02
INV0530,WH023,PROD0367,1245,262,325,2026-07-24
INV0531,WH038,PROD0050,725,69,98,2026-07-08
INV0532,WH002,PROD0334,963,188,406,2026-07-30
INV0533,WH044,PROD0381,175,31,90,2026-07-03
INV0534,WH011,PROD0299,643,244,57,2026-07-15
INV0535,WH016,PROD0432,654,48,135,2026-07-05
INV0536,WH011,PROD0078,155,58,10,2026-06-07
INV0537,WH001,PROD0257,24,5,28,2026-05-12
INV0538,WH027,PROD0431,110,20,34,2026-06-27
INV0539,WH010,PROD0044,684,120,95,2026-06-27
INV0540,WH038,PROD0147,75,4,24,2026-04-10
INV0541,WH026,PROD0101,413,124,107,2026-07-10
INV0542,WH023,PROD0005,1538,279,431,2026-07-22
INV0543,WH009,PROD0434,991,200,297,2026-07-29
INV0544,WH006,PROD0152,250,81,62,2026-07-09
INV0545,WH048,PROD0176,1613,166,236,2026-07-21
INV0546,WH033,PROD0326,460,102,373,2026-07-20
INV0547,WH044,PROD0317,35,9,31,2026-06-14
INV0548,WH046,PROD0044,773,109,106,2026-06-28
INV0549,WH022,PROD0413,345,104,143,2026-07-14
INV0550,WH019,PROD0485,127,35,16,2026-05-17
INV0551,WH016,PROD0116,72,27,21,2026-06-07
INV0552,WH045,PROD0124,179,62,40,2026-06-29
INV0553,WH026,PROD0015,105,36,22,2026-05-16
INV0554,WH025,PROD0470,186,30,22,2026-04-30
INV0555,WH038,PROD0365,194,32,22,2026-04-12
INV0556,WH016,PROD0224,104,19,35,2026-05-29
INV0557,WH039,PROD0398,2359,170,295,2026-07-19
INV0558,WH018,PROD0065,623,93,190,2026-07-26
INV0559,WH045,PROD0466,12,4,26,2026-04-14
INV0560,WH006,PROD0418,97,25,16,2026-05-12
INV0561,WH024,PROD0295,490,169,80,2026-07-03
INV0562,WH016,PROD0007,126,16,22,2026-06-15
INV0563,WH018,PROD0093,108,7,12,2026-05-27
INV0564,WH017,PROD0334,1100,400,226,2026-07-19
INV0565,WH008,PROD0155,91,27,24,2026-06-05
INV0566,WH037,PROD0212,66,5,34,2026-06-04
INV0567,WH002,PROD0016,2487,760,430,2026-07-21
INV0568,WH034,PROD0421,464,46,147,2026-07-12
INV0569,WH024,PROD0374,150,55,33,2026-06-21
INV0570,WH021,PROD0081,1156,450,285,2026-07-18
INV0571,WH012,PROD0222,139,19,34,2026-05-30
INV0572,WH044,PROD0256,149,17,44,2026-06-21
INV0573,WH042,PROD0479,792,153,33,2026-06-19
INV0574,WH048,PROD0421,251,53,58,2026-06-24
INV0575,WH028,PROD0205,798,92,71,2026-06-26
INV0576,WH008,PROD0143,553,36,430,2026-07-18
INV0577,WH045,PROD0183,256,96,134,2026-06-24
INV0578,WH024,PROD0167,764,47,96,2026-07-20
INV0579,WH031,PROD0439,184,13,16,2026-06-16
INV0580,WH030,PROD0340,59,3,12,2026-05-09
INV0581,WH037,PROD0355,41,9,18,2026-05-13
INV0582,WH006,PROD0254,52,4,7,2026-06-07
INV0583,WH023,PROD0180,191,61,14,2026-04-27
INV0584,WH047,PROD0014,715,179,112,2026-07-11
INV0585,WH032,PROD0402,73,22,27,2026-06-16
INV0586,WH023,PROD0424,1173,128,220,2026-07-29
INV0587,WH050,PROD0418,123,32,19,2026-04-04
INV0588,WH039,PROD0312,1013,179,100,2026-07-27
INV0589,WH045,PROD0425,66,6,27,2026-06-04
INV0590,WH006,PROD0260,99,18,7,2026-05-03
INV0591,WH036,PROD0500,127,14,7,2026-04-28
INV0592,WH008,PROD0392,139,25,15,2026-06-07
INV0593,WH032,PROD0064,259,45,80,2026-07-16
INV0594,WH036,PROD0114,671,182,116,2026-06-17
INV0595,WH006,PROD0494,604,225,115,2026-06-25
INV0596,WH035,PROD0441,76,9,30,2026-05-02
INV0597,WH017,PROD0068,248,97,56,2026-07-09
INV0598,WH010,PROD0488,51,13,37,2026-06-30
INV0599,WH019,PROD0130,49,19,27,2026-04-22
INV0600,WH037,PROD0079,780,87,117,2026-07-11
INV0601,WH026,PROD0030,486,60,53,2026-07-01
INV0602,WH025,PROD0125,172,12,35,2026-06-01
INV0603,WH035,PROD0029,378,55,80,2026-06-21
INV0604,WH001,PROD0249,785,274,70,2026-07-08
INV0605,WH050,PROD0063,1626,586,176,2026-07-31
INV0606,WH050,PROD0198,1014,71,305,2026-07-21
INV0607,WH043,PROD0205,334,93,103,2026-06-22
INV0608,WH021,PROD0375,80,14,35,2026-06-27
INV0609,WH005,PROD0410,1013,74,420,2026-07-21
INV0610,WH047,PROD0138,28,8,9,2026-04-21
INV0611,WH022,PROD0220,1412,531,108,2026-07-22
INV0612,WH047,PROD0193,161,26,18,2026-04-18
INV0613,WH023,PROD0413,289,95,37,2026-06-22
INV0614,WH002,PROD0130,53,15,32,2026-06-12
INV0615,WH042,PROD0255,34,2,13,2026-04-09
INV0616,WH013,PROD0293,72,13,32,2026-04-14
INV0617,WH042,PROD0233,515,111,34,2026-06-19
INV0618,WH028,PROD0252,133,43,19,2026-06-22
INV0619,WH012,PROD0068,548,156,113,2026-06-28
INV0620,WH022,PROD0357,690,184,97,2026-06-18
INV0621,WH027,PROD0181,70,20,18,2026-04-13
INV0622,WH045,PROD0355,89,23,17,2026-06-18
INV0623,WH025,PROD0169,89,34,17,2026-06-29
INV0624,WH038,PROD0327,442,41,53,2026-07-08
INV0625,WH005,PROD0181,16,5,27,2026-05-01
INV0626,WH019,PROD0289,173,37,34,2026-05-27
INV0627,WH001,PROD0072,117,22,40,2026-05-04
INV0628,WH043,PROD0391,545,84,93,2026-06-27
INV0629,WH020,PROD0454,664,79,314,2026-07-18
INV0630,WH028,PROD0354,438,72,231,2026-07-18
INV0631,WH016,PROD0181,90,10,19,2026-05-03
INV0632,WH025,PROD0500,79,9,32,2026-04-15
INV0633,WH006,PROD0057,172,42,27,2026-06-15
INV0634,WH021,PROD0106,22,4,28,2026-04-18
INV0635,WH024,PROD0180,38,4,15,2026-04-26
INV0636,WH014,PROD0219,86,29,20,2026-06-22
INV0637,WH034,PROD0318,673,177,137,2026-07-01
INV0638,WH019,PROD0212,178,27,32,2026-06-01
INV0639,WH017,PROD0448,399,62,125,2026-07-08
INV0640,WH005,PROD0406,88,21,12,2026-05-13
INV0641,WH016,PROD0386,165,62,20,2026-04-03
INV0642,WH038,PROD0231,82,29,19,2026-04-20
INV0643,WH017,PROD0009,2453,841,488,2026-07-21
INV0644,WH011,PROD0075,67,11,8,2026-04-18
INV0645,WH039,PROD0371,132,37,18,2026-04-20
INV0646,WH050,PROD0452,143,19,22,2026-06-20
INV0647,WH001,PROD0458,156,11,33,2026-06-16
INV0648,WH031,PROD0390,21,3,35,2026-05-22
INV0649,WH023,PROD0099,83,13,31,2026-05-16
INV0650,WH009,PROD0440,814,43,119,2026-07-28
INV0651,WH037,PROD0222,87,8,29,2026-06-24
INV0652,WH037,PROD0028,128,11,48,2026-06-30
INV0653,WH014,PROD0376,128,45,26,2026-05-13
INV0654,WH039,PROD0201,58,9,26,2026-04-19
INV0655,WH031,PROD0494,102,39,101,2026-06-25
INV0656,WH037,PROD0313,323,45,150,2026-07-18
INV0657,WH020,PROD0097,365,68,119,2026-07-02
INV0658,WH005,PROD0115,148,9,40,2026-05-16
INV0659,WH012,PROD0098,114,35,15,2026-04-08
INV0660,WH016,PROD0100,417,47,88,2026-07-04
INV0661,WH042,PROD0056,119,33,68,2026-07-08
INV0662,WH027,PROD0259,790,255,132,2026-06-27
INV0663,WH002,PROD0017,151,44,25,2026-04-03
INV0664,WH018,PROD0196,696,250,36,2026-07-13
INV0665,WH042,PROD0340,134,9,33,2026-05-27
INV0666,WH003,PROD0155,63,6,25,2026-06-25
INV0667,WH024,PROD0485,22,7,15,2026-06-12
INV0668,WH018,PROD0217,500,103,73,2026-07-11
INV0669,WH049,PROD0473,50,4,17,2026-06-07
INV0670,WH015,PROD0005,858,142,108,2026-07-29
INV0671,WH007,PROD0111,1137,65,105,2026-07-28
INV0672,WH027,PROD0240,551,156,38,2026-07-15
INV0673,WH030,PROD0187,343,68,324,2026-07-18
INV0674,WH040,PROD0313,455,62,126,2026-07-02
INV0675,WH012,PROD0143,1816,140,207,2026-07-31
INV0676,WH015,PROD0377,695,233,101,2026-07-06
INV0677,WH002,PROD0111,1409,539,466,2026-07-17
INV0678,WH009,PROD0277,85,32,34,2026-06-24
INV0679,WH048,PROD0409,116,34,41,2026-06-23
INV0680,WH043,PROD0409,235,84,67,2026-07-19
INV0681,WH047,PROD0212,76,23,39,2026-05-04
INV0682,WH031,PROD0329,172,58,36,2026-05-22
INV0683,WH040,PROD0403,163,11,16,2026-05-30
INV0684,WH035,PROD0117,147,47,33,2026-06-13
INV0685,WH010,PROD0174,2371,247,132,2026-07-29
INV0686,WH038,PROD0401,1705,537,297,2026-07-25
INV0687,WH017,PROD0469,619,236,122,2026-07-13
INV0688,WH041,PROD0097,562,184,103,2026-07-18
INV0689,WH006,PROD0045,22,4,12,2026-04-26
INV0690,WH016,PROD0357,454,88,118,2026-06-17
INV0691,WH040,PROD0026,181,63,9,2026-05-05
INV0692,WH032,PROD0150,187,70,7,2026-04-13
INV0693,WH023,PROD0054,160,27,21,2026-04-05
INV0694,WH048,PROD0454,748,82,352,2026-07-30
INV0695,WH032,PROD0485,109,13,21,2026-06-01
INV0696,WH011,PROD0011,102,10,23,2026-06-13
INV0697,WH025,PROD0348,1612,227,450,2026-07-19
INV0698,WH025,PROD0436,1087,334,199,2026-07-20
INV0699,WH013,PROD0104,84,17,23,2026-05-25
INV0700,WH002,PROD0157,138,31,38,2026-04-30
INV0701,WH022,PROD0007,79,26,34,2026-06-30
INV0702,WH024,PROD0315,184,53,29,2026-04-29
INV0703,WH050,PROD0448,420,94,54,2026-06-24
INV0704,WH012,PROD0204,119,45,18,2026-06-12
INV0705,WH021,PROD0213,69,14,22,2026-06-09
INV0706,WH021,PROD0407,274,68,50,2026-06-30
INV0707,WH006,PROD0454,1935,153,278,2026-07-23
INV0708,WH009,PROD0015,177,53,28,2026-04-20
INV0709,WH008,PROD0037,92,5,31,2026-06-05
INV0710,WH021,PROD0388,180,36,30,2026-06-03
INV0711,WH047,PROD0416,931,102,430,2026-07-25
INV0712,WH019,PROD0341,284,51,35,2026-06-25
INV0713,WH017,PROD0320,141,40,6,2026-04-11
INV0714,WH013,PROD0105,738,175,214,2026-07-21
INV0715,WH003,PROD0140,156,46,39,2026-06-04
INV0716,WH042,PROD0043,281,23,138,2026-07-13
INV0717,WH005,PROD0191,85,31,37,2026-04-09
INV0718,WH024,PROD0276,257,61,141,2026-06-25
INV0719,WH026,PROD0153,12,1,11,2026-04-19
INV0720,WH036,PROD0276,159,62,79,2026-07-03
INV0721,WH044,PROD0001,143,16,131,2026-06-28
INV0722,WH032,PROD0227,2448,835,345,2026-07-28
INV0723,WH050,PROD0378,1888,280,426,2026-07-25
INV0724,WH048,PROD0160,786,238,405,2026-07-25
INV0725,WH043,PROD0093,38,12,14,2026-05-08
INV0726,WH013,PROD0094,117,7,69,2026-07-18
INV0727,WH017,PROD0273,322,47,131,2026-07-15
INV0728,WH033,PROD0470,155,33,12,2026-06-21
INV0729,WH010,PROD0423,1964,506,401,2026-07-22
INV0730,WH037,PROD0354,2457,261,149,2026-07-21
INV0731,WH008,PROD0377,662,83,32,2026-07-19
INV0732,WH027,PROD0011,198,10,15,2026-04-03
INV0733,WH013,PROD0383,265,31,99,2026-07-01
INV0734,WH007,PROD0002,92,30,7,2026-05-22
INV0735,WH034,PROD0461,70,3,40,2026-04-03
INV0736,WH045,PROD0083,116,37,15,2026-04-09
INV0737,WH004,PROD0031,561,165,80,2026-06-18
INV0738,WH030,PROD0388,121,13,20,2026-06-03
INV0739,WH014,PROD0452,138,45,29,2026-04-07
INV0740,WH014,PROD0418,133,30,31,2026-06-22
INV0741,WH041,PROD0494,655,73,146,2026-06-27
INV0742,WH016,PROD0223,1548,77,497,2026-07-30
INV0743,WH010,PROD0340,139,50,15,2026-06-07
INV0744,WH010,PROD0051,2381,410,474,2026-07-28
INV0745,WH048,PROD0308,196,42,9,2026-04-26
INV0746,WH049,PROD0377,120,26,81,2026-06-22
INV0747,WH003,PROD0217,744,252,122,2026-06-29
INV0748,WH041,PROD0461,147,51,38,2026-06-20
INV0749,WH016,PROD0395,29,7,13,2026-05-04
INV0750,WH033,PROD0356,38,7,27,2026-04-18
INV0751,WH042,PROD0127,148,41,24,2026-05-19
INV0752,WH044,PROD0009,917,166,459,2026-07-25
INV0753,WH026,PROD0274,108,38,15,2026-04-15
INV0754,WH021,PROD0230,62,14,24,2026-04-15
INV0755,WH011,PROD0176,1635,237,214,2026-07-22
INV0756,WH041,PROD0005,2120,763,477,2026-07-27
INV0757,WH039,PROD0012,123,26,22,2026-04-13
INV0758,WH027,PROD0217,704,223,68,2026-07-18
INV0759,WH026,PROD0249,122,29,101,2026-07-22
INV0760,WH020,PROD0352,184,45,36,2026-05-31
INV0761,WH037,PROD0146,515,197,65,2026-07-18
INV0762,WH039,PROD0411,616,55,138,2026-07-03
INV0763,WH019,PROD0430,127,21,38,2026-04-13
INV0764,WH038,PROD0275,2484,378,154,2026-07-25
INV0765,WH002,PROD0136,1487,486,261,2026-07-31
INV0766,WH041,PROD0264,110,42,5,2026-05-22
INV0767,WH003,PROD0084,508,32,47,2026-06-23
INV0768,WH036,PROD0309,550,132,109,2026-07-18
INV0769,WH017,PROD0184,143,7,11,2026-06-04
INV0770,WH013,PROD0448,781,129,132,2026-07-20
INV0771,WH035,PROD0283,70,23,35,2026-05-30
INV0772,WH007,PROD0284,98,5,31,2026-06-02
INV0773,WH029,PROD0404,104,5,5,2026-06-26
INV0774,WH023,PROD0369,109,28,30,2026-06-19
INV0775,WH039,PROD0183,760,280,56,2026-07-21
INV0776,WH007,PROD0286,76,29,17,2026-05-07
INV0777,WH019,PROD0222,124,39,8,2026-04-29
INV0778,WH002,PROD0335,784,83,371,2026-07-24
INV0779,WH003,PROD0016,762,92,423,2026-07-19
INV0780,WH045,PROD0063,494,183,218,2026-07-27
INV0781,WH039,PROD0305,477,69,301,2026-07-24
INV0782,WH028,PROD0287,112,17,28,2026-06-11
INV0783,WH010,PROD0404,42,15,12,2026-05-22
INV0784,WH028,PROD0447,2256,849,170,2026-07-26
INV0785,WH012,PROD0481,1040,54,163,2026-07-22
INV0786,WH041,PROD0332,178,58,23,2026-05-07
INV0787,WH020,PROD0246,498,75,68,2026-06-18
INV0788,WH024,PROD0306,67,7,32,2026-05-22
INV0789,WH015,PROD0274,67,14,25,2026-07-02
INV0790,WH009,PROD0148,95,8,27,2026-06-05
INV0791,WH039,PROD0029,103,19,124,2026-07-07
INV0792,WH006,PROD0477,27,10,35,2026-06-02
INV0793,WH030,PROD0254,50,11,32,2026-05-29
INV0794,WH016,PROD0317,98,29,40,2026-05-22
INV0795,WH021,PROD0088,1041,163,399,2026-07-21
INV0796,WH023,PROD0072,192,36,25,2026-06-20
INV0797,WH021,PROD0251,477,98,108,2026-07-17
INV0798,WH004,PROD0271,752,118,36,2026-06-29
INV0799,WH029,PROD0233,414,54,64,2026-06-22
INV0800,WH014,PROD0183,244,86,68,2026-06-24
INV0801,WH047,PROD0152,214,19,136,2026-06-23
INV0802,WH045,PROD0413,684,96,88,2026-07-10
INV0803,WH039,PROD0105,450,99,270,2026-07-28
INV0804,WH015,PROD0100,227,44,97,2026-07-09
INV0805,WH005,PROD0353,61,14,20,2026-04-11
INV0806,WH012,PROD0219,19,4,37,2026-05-03
INV0807,WH036,PROD0035,100,24,16,2026-05-02
INV0808,WH019,PROD0424,2080,602,194,2026-07-26
INV0809,WH008,PROD0228,187,30,24,2026-05-11
INV0810,WH021,PROD0374,67,4,35,2026-04-28
INV0811,WH007,PROD0183,535,61,117,2026-06-22
INV0812,WH025,PROD0255,32,9,35,2026-05-07
INV0813,WH038,PROD0415,111,14,9,2026-05-24
INV0814,WH009,PROD0301,719,259,103,2026-07-06
INV0815,WH022,PROD0027,724,210,105,2026-07-21
INV0816,WH035,PROD0305,1693,426,345,2026-07-28
INV0817,WH015,PROD0427,185,15,26,2026-06-12
INV0818,WH039,PROD0210,779,285,96,2026-07-04
INV0819,WH019,PROD0200,80,12,37,2026-04-27
INV0820,WH043,PROD0315,195,35,34,2026-04-19
INV0821,WH024,PROD0422,135,40,26,2026-04-12
INV0822,WH034,PROD0065,2423,835,479,2026-07-30
INV0823,WH010,PROD0037,122,32,34,2026-04-25
INV0824,WH041,PROD0430,28,6,13,2026-05-25
INV0825,WH029,PROD0461,30,11,34,2026-07-01
INV0826,WH034,PROD0154,77,25,26,2026-06-20
INV0827,WH014,PROD0218,137,54,15,2026-04-27
INV0828,WH007,PROD0043,286,78,122,2026-07-09
INV0829,WH033,PROD0175,2079,668,374,2026-07-30
INV0830,WH040,PROD0252,147,55,10,2026-05-28
INV0831,WH001,PROD0455,15,3,15,2026-06-19
INV0832,WH024,PROD0162,251,93,101,2026-06-25
INV0833,WH015,PROD0422,105,35,10,2026-04-13
INV0834,WH033,PROD0276,121,46,126,2026-06-23
INV0835,WH043,PROD0164,59,11,13,2026-04-07
INV0836,WH008,PROD0063,1287,69,399,2026-07-30
INV0837,WH035,PROD0065,2242,619,257,2026-07-29
INV0838,WH008,PROD0125,195,48,32,2026-06-27
INV0839,WH021,PROD0424,2491,562,151,2026-07-18
INV0840,WH019,PROD0168,162,25,142,2026-07-14
INV0841,WH014,PROD0206,27,8,26,2026-04-04
INV0842,WH014,PROD0195,511,39,47,2026-06-24
INV0843,WH033,PROD0369,163,22,30,2026-04-21
INV0844,WH040,PROD0031,107,25,110,2026-07-01
INV0845,WH049,PROD0431,120,32,10,2026-05-17
INV0846,WH043,PROD0127,32,10,26,2026-05-14
INV0847,WH032,PROD0291,1061,346,282,2026-07-26
INV0848,WH025,PROD0149,73,19,30,2026-04-07
INV0849,WH033,PROD0467,345,39,90,2026-06-21
INV0850,WH011,PROD0279,810,29,31,2026-04-10
INV0851,WH019,PROD0091,2434,809,142,2026-07-25
INV0852,WH046,PROD0350,1988,720,139,2026-07-31
INV0853,WH045,PROD0237,1624,197,424,2026-07-17
INV0854,WH041,PROD0471,86,5,31,2026-05-30
INV0855,WH008,PROD0020,58,2,40,2026-04-24
INV0856,WH014,PROD0005,1381,271,173,2026-07-24
INV0857,WH033,PROD0447,719,101,234,2026-07-21
INV0858,WH008,PROD0271,692,226,59,2026-07-02
INV0859,WH037,PROD0211,157,35,7,2026-05-10
INV0860,WH049,PROD0441,178,19,5,2026-04-21
INV0861,WH049,PROD0440,1439,300,414,2026-07-23
INV0862,WH021,PROD0387,99,13,12,2026-04-03
INV0863,WH022,PROD0276,564,52,47,2026-06-21
INV0864,WH013,PROD0011,174,67,32,2026-04-23
INV0865,WH007,PROD0388,108,13,22,2026-06-28
INV0866,WH038,PROD0258,143,31,9,2026-04-29
INV0867,WH029,PROD0334,1771,542,362,2026-07-28
INV0868,WH019,PROD0390,131,44,33,2026-07-01
INV0869,WH046,PROD0005,351,31,418,2026-07-17
INV0870,WH013,PROD0263,2016,485,111,2026-07-29
INV0871,WH023,PROD0136,983,139,120,2026-07-17
INV0872,WH011,PROD0442,338,89,144,2026-07-17
INV0873,WH023,PROD0231,128,18,13,2026-07-02
INV0874,WH002,PROD0029,606,51,118,2026-07-05
INV0875,WH018,PROD0191,71,5,40,2026-04-11
INV0876,WH046,PROD0316,89,33,11,2026-04-12
INV0877,WH018,PROD0279,129,39,6,2026-04-18
INV0878,WH010,PROD0382,109,20,21,2026-04-20
INV0879,WH024,PROD0041,136,15,24,2026-06-14
INV0880,WH045,PROD0331,182,35,18,2026-06-10
INV0881,WH040,PROD0027,136,25,54,2026-07-03
INV0882,WH045,PROD0196,320,17,36,2026-06-22
INV0883,WH029,PROD0356,177,66,15,2026-06-25
INV0884,WH003,PROD0017,162,30,26,2026-06-02
INV0885,WH047,PROD0070,27,5,28,2026-06-07
INV0886,WH002,PROD0006,1688,441,338,2026-07-24
INV0887,WH007,PROD0254,72,27,13,2026-05-21
INV0888,WH001,PROD0014,572,46,57,2026-06-23
INV0889,WH003,PROD0336,125,10,15,2026-06-12
INV0890,WH025,PROD0290,142,30,125,2026-06-20
INV0891,WH025,PROD0254,46,2,16,2026-06-17
INV0892,WH021,PROD0446,386,126,125,2026-06-26
INV0893,WH008,PROD0292,984,391,380,2026-07-19
INV0894,WH001,PROD0233,362,69,69,2026-07-07
INV0895,WH015,PROD0389,87,9,23,2026-06-16
INV0896,WH001,PROD0074,97,35,16,2026-06-05
INV0897,WH006,PROD0073,197,28,6,2026-04-19
INV0898,WH029,PROD0409,585,106,143,2026-07-11
INV0899,WH044,PROD0094,530,85,112,2026-06-30
INV0900,WH009,PROD0241,114,24,10,2026-04-10
INV0901,WH047,PROD0286,16,6,13,2026-05-29
INV0902,WH035,PROD0180,38,3,29,2026-06-28
INV0903,WH043,PROD0057,91,33,39,2026-04-19
INV0904,WH028,PROD0277,113,37,23,2026-04-16
INV0905,WH017,PROD0246,669,191,84,2026-06-20
INV0906,WH030,PROD0195,160,36,146,2026-07-22
INV0907,WH030,PROD0133,396,51,361,2026-07-20
INV0908,WH006,PROD0290,212,47,103,2026-07-20
INV0909,WH037,PROD0067,31,2,32,2026-05-25
INV0910,WH048,PROD0372,145,38,17,2026-05-13
INV0911,WH009,PROD0427,60,8,25,2026-06-03
INV0912,WH028,PROD0139,124,13,7,2026-04-29
INV0913,WH034,PROD0211,91,10,22,2026-05-08
INV0914,WH001,PROD0087,26,8,15,2026-06-07
INV0915,WH048,PROD0076,13,0,27,2026-05-21
INV0916,WH014,PROD0002,25,6,6,2026-06-30
INV0917,WH019,PROD0381,512,131,88,2026-07-07
INV0918,WH034,PROD0293,155,21,10,2026-06-17
INV0919,WH001,PROD0012,158,39,10,2026-05-14
INV0920,WH010,PROD0421,340,40,47,2026-06-21
INV0921,WH038,PROD0345,146,9,34,2026-04-14
INV0922,WH047,PROD0173,86,32,39,2026-06-22
INV0923,WH036,PROD0218,132,17,21,2026-05-14
INV0924,WH039,PROD0418,160,46,37,2026-05-28
INV0925,WH008,PROD0456,199,76,122,2026-07-07
INV0926,WH007,PROD0268,31,8,25,2026-06-21
INV0927,WH024,PROD0356,76,7,26,2026-04-29
INV0928,WH020,PROD0077,118,39,54,2026-07-06
INV0929,WH005,PROD0186,1133,151,265,2026-07-19
INV0930,WH002,PROD0229,429,64,78,2026-07-06
INV0931,WH018,PROD0442,514,52,85,2026-06-24
INV0932,WH004,PROD0282,241,80,64,2026-07-21
INV0933,WH035,PROD0467,193,19,118,2026-06-20
INV0934,WH015,PROD0263,2129,678,405,2026-07-17
INV0935,WH010,PROD0493,1901,448,172,2026-07-31
INV0936,WH005,PROD0255,77,16,25,2026-06-15
INV0937,WH023,PROD0327,297,31,82,2026-07-03
INV0938,WH023,PROD0233,117,9,31,2026-07-04
INV0939,WH050,PROD0287,45,7,40,2026-04-04
INV0940,WH044,PROD0215,27,10,16,2026-04-13
INV0941,WH002,PROD0147,180,64,30,2026-06-18
INV0942,WH039,PROD0089,66,13,8,2026-05-30
INV0943,WH006,PROD0066,1292,271,367,2026-07-29
INV0944,WH047,PROD0451,279,69,55,2026-07-14
INV0945,WH041,PROD0219,27,2,27,2026-06-21
INV0946,WH017,PROD0485,146,32,28,2026-07-01
INV0947,WH049,PROD0167,329,52,134,2026-07-06
INV0948,WH020,PROD0336,55,10,14,2026-05-07
INV0949,WH041,PROD0154,108,28,6,2026-06-19
INV0950,WH001,PROD0188,137,30,18,2026-05-24
INV0951,WH016,PROD0180,152,33,31,2026-06-22
INV0952,WH011,PROD0084,425,132,126,2026-07-16
INV0953,WH030,PROD0343,1050,415,301,2026-07-24
INV0954,WH027,PROD0361,496,186,149,2026-06-30
INV0955,WH010,PROD0439,43,16,22,2026-06-23
INV0956,WH029,PROD0453,518,106,139,2026-06-18
INV0957,WH018,PROD0405,738,157,67,2026-06-22
INV0958,WH011,PROD0297,25,1,18,2026-05-17
INV0959,WH007,PROD0413,622,154,68,2026-06-20
INV0960,WH010,PROD0065,1263,183,260,2026-07-18
INV0961,WH004,PROD0158,2017,367,478,2026-07-19
INV0962,WH008,PROD0078,32,6,26,2026-04-12
INV0963,WH048,PROD0385,464,64,50,2026-06-30
INV0964,WH002,PROD0497,112,30,22,2026-05-27
INV0965,WH008,PROD0052,2319,559,496,2026-07-28
INV0966,WH010,PROD0238,73,14,5,2026-04-08
INV0967,WH022,PROD0347,160,56,23,2026-04-29
INV0968,WH012,PROD0371,26,3,38,2026-04-27
INV0969,WH035,PROD0012,113,39,30,2026-05-30
INV0970,WH007,PROD0419,203,16,35,2026-07-11
INV0971,WH024,PROD0160,1103,162,436,2026-07-20
INV0972,WH012,PROD0127,17,3,12,2026-04-03
INV0973,WH048,PROD0487,145,49,32,2026-07-02
INV0974,WH010,PROD0052,2369,937,297,2026-07-31
INV0975,WH004,PROD0358,61,12,11,2026-04-17
INV0976,WH040,PROD0310,22,7,10,2026-06-21
INV0977,WH001,PROD0108,86,11,35,2026-06-18
INV0978,WH032,PROD0383,201,63,105,2026-06-23
INV0979,WH003,PROD0400,36,11,29,2026-06-13
INV0980,WH044,PROD0367,508,71,469,2026-07-23
INV0981,WH019,PROD0433,172,28,34,2026-04-26
INV0982,WH001,PROD0322,40,15,9,2026-06-06
INV0983,WH022,PROD0272,52,11,12,2026-06-30
INV0984,WH034,PROD0347,123,26,38,2026-07-02
INV0985,WH039,PROD0390,24,2,19,2026-05-04
INV0986,WH028,PROD0015,151,48,37,2026-06-18
INV0987,WH010,PROD0067,61,13,29,2026-05-31
INV0988,WH035,PROD0102,134,8,26,2026-06-03
INV0989,WH036,PROD0443,37,12,5,2026-06-09
INV0990,WH044,PROD0371,193,62,40,2026-05-17
INV0991,WH033,PROD0017,13,1,15,2026-04-10
INV0992,WH013,PROD0409,238,92,57,2026-06-27
INV0993,WH008,PROD0201,159,41,7,2026-05-14
INV0994,WH036,PROD0181,126,35,21,2026-05-13
INV0995,WH044,PROD0183,167,22,85,2026-07-15
INV0996,WH024,PROD0357,245,16,41,2026-07-02
INV0997,WH027,PROD0459,1521,114,174,2026-07-25
INV0998,WH001,PROD0112,60,23,28,2026-06-27
INV0999,WH042,PROD0268,76,26,15,2026-05-27
INV1000,WH045,PROD0058,734,185,98,2026-07-08
INV1001,WH019,PROD0258,26,1,19,2026-06-29
INV1002,WH048,PROD0218,163,26,9,2026-07-01
INV1003,WH024,PROD0467,172,51,78,2026-06-22
INV1004,WH046,PROD0282,497,95,119,2026-07-04
INV1005,WH015,PROD0342,729,95,140,2026-07-01
INV1006,WH006,PROD0002,93,33,6,2026-06-17
INV1007,WH032,PROD0216,76,17,14,2026-05-01
INV1008,WH028,PROD0439,41,5,25,2026-05-03
INV1009,WH048,PROD0392,38,12,13,2026-04-24
INV1010,WH032,PROD0169,35,9,13,2026-06-03
INV1011,WH032,PROD0260,35,4,26,2026-05-17
INV1012,WH041,PROD0024,181,23,34,2026-06-12
INV1013,WH010,PROD0152,399,127,85,2026-06-29
INV1014,WH030,PROD0240,244,17,34,2026-06-30
INV1015,WH030,PROD0105,550,51,356,2026-07-24
INV1016,WH017,PROD0387,176,70,35,2026-04-25
INV1017,WH014,PROD0051,2293,900,262,2026-07-27
INV1018,WH050,PROD0096,2111,159,251,2026-07-18
INV1019,WH021,PROD0362,127,8,16,2026-05-14
INV1020,WH022,PROD0133,1915,365,450,2026-07-23
INV1021,WH029,PROD0096,2414,499,253,2026-07-31
INV1022,WH009,PROD0006,2124,386,434,2026-07-17
INV1023,WH031,PROD0485,27,3,18,2026-05-20
INV1024,WH026,PROD0244,527,92,118,2026-07-14
INV1025,WH034,PROD0221,616,161,136,2026-06-22
INV1026,WH043,PROD0356,17,6,21,2026-04-27
INV1027,WH026,PROD0303,183,12,19,2026-06-10
INV1028,WH024,PROD0399,70,11,21,2026-07-02
INV1029,WH034,PROD0484,718,155,128,2026-07-13
INV1030,WH048,PROD0043,435,87,106,2026-06-24
INV1031,WH001,PROD0161,296,57,117,2026-07-02
INV1032,WH031,PROD0257,162,48,34,2026-04-30
INV1033,WH011,PROD0224,29,9,6,2026-06-02
INV1034,WH010,PROD0433,56,19,35,2026-06-06
INV1035,WH009,PROD0234,196,13,18,2026-06-09
INV1036,WH042,PROD0076,133,42,11,2026-06-19
INV1037,WH024,PROD0334,2307,212,318,2026-07-22
INV1038,WH028,PROD0085,24,6,23,2026-06-12
INV1039,WH008,PROD0148,78,19,40,2026-05-12
INV1040,WH024,PROD0090,724,38,317,2026-07-22
INV1041,WH012,PROD0096,421,81,192,2026-07-20
INV1042,WH037,PROD0407,662,264,31,2026-07-16
INV1043,WH012,PROD0348,1928,655,237,2026-07-24
INV1044,WH035,PROD0013,592,212,330,2026-07-24
INV1045,WH014,PROD0413,182,37,81,2026-07-10
INV1046,WH022,PROD0351,344,87,116,2026-07-27
INV1047,WH027,PROD0428,569,211,53,2026-07-06
INV1048,WH015,PROD0437,38,9,33,2026-06-12
INV1049,WH028,PROD0124,668,85,30,2026-06-18
INV1050,WH048,PROD0204,93,9,21,2026-06-25
INV1051,WH047,PROD0314,150,44,25,2026-06-19
INV1052,WH039,PROD0116,42,4,34,2026-04-04
INV1053,WH012,PROD0277,32,2,15,2026-04-20
INV1054,WH023,PROD0334,495,122,252,2026-07-19
INV1055,WH009,PROD0426,2063,429,467,2026-07-25
INV1056,WH011,PROD0233,270,47,100,2026-07-03
INV1057,WH032,PROD0136,1830,554,111,2026-07-24
INV1058,WH020,PROD0418,10,3,31,2026-04-30
INV1059,WH002,PROD0087,21,5,39,2026-07-01
INV1060,WH037,PROD0492,53,6,7,2026-06-11
INV1061,WH024,PROD0398,1525,93,221,2026-07-22
INV1062,WH037,PROD0468,135,14,104,2026-07-08
INV1063,WH013,PROD0127,62,23,16,2026-07-02
INV1064,WH005,PROD0021,49,16,28,2026-04-10
INV1065,WH004,PROD0059,733,290,143,2026-07-08
INV1066,WH003,PROD0116,113,37,37,2026-04-23
INV1067,WH014,PROD0320,59,21,20,2026-06-08
INV1068,WH016,PROD0202,51,2,32,2026-06-16
INV1069,WH023,PROD0289,199,26,39,2026-04-11
INV1070,WH018,PROD0386,79,28,10,2026-06-12
INV1071,WH050,PROD0171,712,261,80,2026-07-02
INV1072,WH040,PROD0069,24,3,12,2026-06-14
INV1073,WH013,PROD0039,592,151,88,2026-07-03
INV1074,WH005,PROD0465,115,29,79,2026-07-11
INV1075,WH042,PROD0048,154,26,18,2026-05-06
INV1076,WH007,PROD0301,235,48,53,2026-06-27
INV1077,WH007,PROD0247,1825,347,218,2026-07-20
INV1078,WH018,PROD0243,426,115,49,2026-06-20
INV1079,WH025,PROD0053,46,9,6,2026-04-14
INV1080,WH050,PROD0118,127,35,30,2026-07-12
INV1081,WH009,PROD0139,25,7,17,2026-06-11
INV1082,WH045,PROD0118,439,70,75,2026-07-22
INV1083,WH047,PROD0396,45,12,11,2026-04-19
INV1084,WH043,PROD0431,22,4,38,2026-05-07
INV1085,WH041,PROD0072,76,29,34,2026-04-16
INV1086,WH048,PROD0129,234,52,49,2026-07-17
INV1087,WH017,PROD0322,182,68,25,2026-04-04
INV1088,WH038,PROD0093,198,63,5,2026-05-25
INV1089,WH003,PROD0221,604,205,111,2026-06-28
INV1090,WH014,PROD0451,340,87,126,2026-07-12
INV1091,WH028,PROD0182,197,21,75,2026-07-19
INV1092,WH035,PROD0341,396,27,85,2026-07-05
INV1093,WH041,PROD0258,101,11,38,2026-04-26
INV1094,WH011,PROD0499,1613,481,458,2026-07-25
INV1095,WH026,PROD0404,54,7,6,2026-04-28
INV1096,WH043,PROD0300,989,369,285,2026-07-27
INV1097,WH041,PROD0448,426,33,124,2026-06-29
INV1098,WH011,PROD0285,50,17,16,2026-06-09
INV1099,WH007,PROD0274,56,21,27,2026-04-09
INV1100,WH049,PROD0453,407,99,87,2026-07-11
INV1101,WH049,PROD0129,284,23,112,2026-07-22
INV1102,WH011,PROD0126,80,19,10,2026-05-27
INV1103,WH001,PROD0404,13,1,31,2026-05-13
INV1104,WH003,PROD0069,114,16,30,2026-07-02
INV1105,WH022,PROD0424,515,103,397,2026-07-26
INV1106,WH031,PROD0429,82,24,7,2026-06-30
INV1107,WH004,PROD0378,645,87,394,2026-07-28
INV1108,WH035,PROD0318,281,43,47,2026-07-12
INV1109,WH006,PROD0487,161,56,19,2026-05-15
INV1110,WH027,PROD0495,121,12,149,2026-06-19
INV1111,WH003,PROD0165,112,9,22,2026-05-12
INV1112,WH027,PROD0426,524,185,342,2026-07-25
INV1113,WH014,PROD0363,144,7,27,2026-07-01
INV1114,WH030,PROD0089,61,4,22,2026-05-09
INV1115,WH043,PROD0076,67,26,12,2026-06-06
INV1116,WH027,PROD0059,112,16,112,2026-07-06
INV1117,WH028,PROD0154,45,8,17,2026-06-20
INV1118,WH019,PROD0060,60,12,34,2026-06-10
INV1119,WH025,PROD0268,102,37,35,2026-05-10
INV1120,WH028,PROD0440,1153,175,228,2026-07-22
INV1121,WH003,PROD0420,81,17,32,2026-06-24
INV1122,WH007,PROD0262,150,59,33,2026-06-30
INV1123,WH032,PROD0318,730,80,102,2026-07-10
INV1124,WH003,PROD0452,53,6,23,2026-04-22
INV1125,WH050,PROD0137,29,3,36,2026-06-11
INV1126,WH050,PROD0172,301,75,94,2026-06-28
INV1127,WH049,PROD0006,977,149,283,2026-07-18
INV1128,WH048,PROD0116,106,26,13,2026-05-10
INV1129,WH045,PROD0240,277,55,55,2026-06-19
INV1130,WH005,PROD0335,349,58,101,2026-07-22
INV1131,WH022,PROD0321,1581,601,346,2026-07-20
INV1132,WH026,PROD0372,81,26,20,2026-05-22
INV1133,WH003,PROD0298,66,5,35,2026-04-25
INV1134,WH004,PROD0157,135,20,31,2026-06-20
INV1135,WH034,PROD0135,80,5,18,2026-05-05
INV1136,WH006,PROD0278,562,200,137,2026-06-30
INV1137,WH027,PROD0435,578,181,46,2026-06-28
INV1138,WH005,PROD0189,1516,351,455,2026-07-30
INV1139,WH048,PROD0312,437,91,130,2026-07-29
INV1140,WH011,PROD0296,750,173,105,2026-07-19
INV1141,WH045,PROD0233,765,141,137,2026-06-17
INV1142,WH016,PROD0187,1987,397,485,2026-07-17
INV1143,WH003,PROD0117,190,27,20,2026-05-07
INV1144,WH033,PROD0126,64,14,6,2026-05-13
INV1145,WH014,PROD0012,113,36,35,2026-04-04
INV1146,WH036,PROD0478,44,8,16,2026-06-09
INV1147,WH031,PROD0467,688,221,112,2026-07-05
INV1148,WH050,PROD0263,2151,489,360,2026-07-21
INV1149,WH033,PROD0390,94,20,7,2026-05-14
INV1150,WH027,PROD0105,1547,168,448,2026-07-18
INV1151,WH040,PROD0445,138,8,35,2026-05-12
INV1152,WH041,PROD0166,15,1,24,2026-04-20
INV1153,WH045,PROD0234,25,8,21,2026-04-11
INV1154,WH045,PROD0392,29,8,39,2026-05-12
INV1155,WH027,PROD0201,62,19,16,2026-06-25
INV1156,WH044,PROD0459,360,136,342,2026-07-28
INV1157,WH012,PROD0393,621,177,137,2026-07-17
INV1158,WH035,PROD0477,50,12,36,2026-06-17
INV1159,WH021,PROD0495,308,65,128,2026-07-08
INV1160,WH001,PROD0274,118,16,24,2026-04-15
INV1161,WH019,PROD0081,423,124,205,2026-07-20
INV1162,WH043,PROD0121,656,87,445,2026-07-19
INV1163,WH044,PROD0328,163,24,6,2026-06-18
INV1164,WH040,PROD0215,125,32,6,2026-05-15
INV1165,WH022,PROD0420,147,7,33,2026-06-08
INV1166,WH039,PROD0272,51,12,22,2026-06-03
INV1167,WH050,PROD0143,1304,132,127,2026-07-20
INV1168,WH044,PROD0421,177,15,89,2026-06-18
INV1169,WH001,PROD0198,1843,520,428,2026-07-27
INV1170,WH022,PROD0453,760,65,97,2026-07-19
INV1171,WH017,PROD0452,158,36,14,2026-04-10
INV1172,WH013,PROD0482,2138,192,496,2026-07-31
INV1173,WH039,PROD0080,522,33,110,2026-07-03
INV1174,WH014,PROD0016,2401,146,422,2026-07-23
INV1175,WH005,PROD0233,263,61,81,2026-07-13
INV1176,WH027,PROD0282,278,94,113,2026-07-04
INV1177,WH021,PROD0386,17,1,6,2026-05-05
INV1178,WH038,PROD0495,447,122,102,2026-07-11
INV1179,WH018,PROD0046,177,8,83,2026-06-18
INV1180,WH044,PROD0058,714,250,143,2026-06-28
INV1181,WH031,PROD0208,1905,466,167,2026-07-31
INV1182,WH002,PROD0123,169,11,12,2026-05-05
INV1183,WH012,PROD0473,117,42,17,2026-04-07
INV1184,WH018,PROD0112,93,25,29,2026-04-13
INV1185,WH022,PROD0268,184,14,36,2026-07-02
INV1186,WH048,PROD0152,777,119,149,2026-07-13
INV1187,WH024,PROD0111,1970,502,405,2026-07-31
INV1188,WH010,PROD0490,67,9,34,2026-05-17
INV1189,WH018,PROD0292,2148,721,307,2026-07-18
INV1190,WH016,PROD0313,485,24,113,2026-06-24
INV1191,WH019,PROD0125,106,36,25,2026-06-15
INV1192,WH020,PROD0022,100,29,27,2026-06-04
INV1193,WH033,PROD0386,30,9,39,2026-05-07
INV1194,WH018,PROD0348,366,69,224,2026-07-18
INV1195,WH033,PROD0280,47,16,12,2026-05-18
INV1196,WH032,PROD0128,630,238,77,2026-07-05
INV1197,WH010,PROD0102,42,2,19,2026-05-09
INV1198,WH030,PROD0310,169,25,38,2026-05-11
INV1199,WH024,PROD0298,89,32,36,2026-04-08
INV1200,WH004,PROD0488,75,17,16,2026-04-16
INV1201,WH027,PROD0289,168,30,13,2026-07-01
INV1202,WH030,PROD0486,1971,714,190,2026-07-28
INV1203,WH038,PROD0466,163,60,14,2026-04-18
INV1204,WH047,PROD0281,353,110,57,2026-07-02
INV1205,WH026,PROD0285,141,31,34,2026-04-03
INV1206,WH024,PROD0470,121,11,5,2026-05-25
INV1207,WH012,PROD0026,143,47,21,2026-04-16
INV1208,WH013,PROD0309,2462,964,481,2026-07-28
INV1209,WH026,PROD0006,420,30,102,2026-07-17
INV1210,WH045,PROD0239,508,195,48,2026-07-18
INV1211,WH042,PROD0339,332,117,139,2026-07-20
INV1212,WH037,PROD0037,65,3,24,2026-06-17
INV1213,WH037,PROD0254,92,31,14,2026-04-12
INV1214,WH003,PROD0303,166,45,39,2026-05-08
INV1215,WH025,PROD0153,50,18,13,2026-05-26
INV1216,WH046,PROD0333,48,5,8,2026-04-27
INV1217,WH015,PROD0016,2284,600,318,2026-07-25
INV1218,WH017,PROD0287,168,62,30,2026-06-16
INV1219,WH050,PROD0280,18,4,28,2026-05-12
INV1220,WH006,PROD0243,6192,208,76,2026-07-07
INV1221,WH027,PROD0210,202,40,149,2026-06-19
INV1222,WH031,PROD0079,767,266,147,2026-07-04
INV1223,WH016,PROD0408,414,38,92,2026-07-06
INV1224,WH015,PROD0494,174,38,114,2026-07-10
INV1225,WH026,PROD0050,113,25,36,2026-06-21
INV1226,WH011,PROD0038,2332,300,279,2026-07-31
INV1227,WH037,PROD0391,779,78,52,2026-07-20
INV1228,WH040,PROD0382,159,18,9,2026-04-18
INV1229,WH014,PROD0236,20,6,17,2026-05-25
INV1230,WH020,PROD0141,559,147,66,2026-06-17
INV1231,WH032,PROD0221,126,24,86,2026-06-18
INV1232,WH015,PROD0162,167,48,148,2026-07-22
INV1233,WH021,PROD0040,722,195,39,2026-06-22
INV1234,WH045,PROD0286,101,29,10,2026-05-02
INV1235,WH011,PROD0443,147,21,27,2026-06-22
INV1236,WH017,PROD0019,719,176,134,2026-07-18
INV1237,WH001,PROD0177,98,29,39,2026-06-22
INV1238,WH021,PROD0459,2150,648,233,2026-07-27
INV1239,WH043,PROD0188,73,4,12,2026-05-13
INV1240,WH031,PROD0002,22,5,23,2026-07-01
INV1241,WH001,PROD0368,418,38,70,2026-07-03
INV1242,WH002,PROD0390,73,8,39,2026-06-13
INV1243,WH002,PROD0349,1156,217,401,2026-07-25
INV1244,WH048,PROD0375,20,3,20,2026-04-28
INV1245,WH036,PROD0205,800,224,65,2026-07-21
INV1246,WH001,PROD0078,110,28,25,2026-06-12
INV1247,WH025,PROD0145,547,193,120,2026-07-09
INV1248,WH022,PROD0370,527,36,46,2026-07-10
INV1249,WH030,PROD0154,77,28,6,2026-04-29
INV1250,WH049,PROD0394,120,27,36,2026-06-27
INV1251,WH036,PROD0248,20,7,15,2026-06-27
INV1252,WH039,PROD0359,729,250,41,2026-06-18
INV1253,WH041,PROD0454,1455,119,213,2026-07-30
INV1254,WH010,PROD0416,1896,158,293,2026-07-30
INV1255,WH036,PROD0174,492,162,275,2026-07-29
INV1256,WH043,PROD0062,38,5,30,2026-06-28
INV1257,WH044,PROD0345,50,7,14,2026-06-30
INV1258,WH031,PROD0348,328,125,343,2026-07-24
INV1259,WH018,PROD0152,591,208,122,2026-07-19
INV1260,WH044,PROD0396,45,9,17,2026-06-22
INV1261,WH025,PROD0382,28,7,26,2026-06-01
INV1262,WH032,PROD0412,109,38,31,2026-06-16
INV1263,WH021,PROD0360,157,27,29,2026-07-02
INV1264,WH009,PROD0384,1874,444,137,2026-07-20
INV1265,WH024,PROD0249,668,34,146,2026-06-24
INV1266,WH034,PROD0206,22,4,26,2026-06-26
INV1267,WH026,PROD0123,121,7,5,2026-05-16
INV1268,WH042,PROD0045,175,60,32,2026-05-29
INV1269,WH038,PROD0062,12,0,18,2026-04-18
INV1270,WH011,PROD0031,342,34,111,2026-07-21
INV1271,WH039,PROD0135,96,11,15,2026-04-05
INV1272,WH049,PROD0190,682,89,89,2026-06-29
INV1273,WH042,PROD0423,1064,71,300,2026-07-31
INV1274,WH028,PROD0023,44,16,34,2026-05-19
INV1275,WH019,PROD0339,429,168,62,2026-07-05
INV1276,WH009,PROD0023,91,35,23,2026-04-22
INV1277,WH019,PROD0474,437,35,58,2026-06-20
INV1278,WH041,PROD0288,794,205,467,2026-07-23
INV1279,WH023,PROD0272,64,20,23,2026-05-27
INV1280,WH026,PROD0081,987,286,405,2026-07-19
INV1281,WH032,PROD0316,136,40,8,2026-05-23
INV1282,WH016,PROD0497,114,39,11,2026-05-10
INV1283,WH028,PROD0016,2133,441,105,2026-07-27
INV1284,WH049,PROD0216,113,13,6,2026-06-16
INV1285,WH005,PROD0188,139,10,28,2026-06-29
INV1286,WH044,PROD0003,577,166,325,2026-07-28
INV1287,WH006,PROD0217,608,97,133,2026-07-16
INV1288,WH034,PROD0226,156,14,8,2026-05-16
INV1289,WH005,PROD0108,72,14,25,2026-05-24
INV1290,WH046,PROD0193,77,6,28,2026-06-05
INV1291,WH045,PROD0481,2215,358,398,2026-07-31
INV1292,WH037,PROD0478,198,74,10,2026-04-11
INV1293,WH035,PROD0204,121,30,24,2026-05-12
INV1294,WH025,PROD0454,804,95,383,2026-07-28
INV1295,WH039,PROD0254,77,14,40,2026-05-05
INV1296,WH024,PROD0352,129,50,8,2026-06-09
INV1297,WH045,PROD0245,585,140,132,2026-07-17
INV1298,WH001,PROD0413,757,81,42,2026-07-11
INV1299,WH028,PROD0251,347,120,57,2026-07-10
INV1300,WH046,PROD0310,188,61,35,2026-06-05
INV1301,WH037,PROD0441,113,7,23,2026-05-30
INV1302,WH009,PROD0165,71,26,15,2026-05-13
INV1303,WH030,PROD0193,168,18,16,2026-05-30
INV1304,WH016,PROD0319,953,226,214,2026-07-20
INV1305,WH010,PROD0024,44,5,20,2026-04-06
INV1306,WH017,PROD0353,10,2,9,2026-05-09
INV1307,WH012,PROD0265,1442,179,250,2026-07-29
INV1308,WH043,PROD0037,164,59,38,2026-06-13
INV1309,WH044,PROD0248,94,15,25,2026-06-22
INV1310,WH022,PROD0065,1893,708,129,2026-07-17
INV1311,WH039,PROD0319,584,225,203,2026-07-23
INV1312,WH001,PROD0367,1911,238,245,2026-07-28
INV1313,WH050,PROD0389,120,26,14,2026-06-16
INV1314,WH014,PROD0105,608,184,312,2026-07-17
INV1315,WH003,PROD0489,111,33,30,2026-05-25
INV1316,WH029,PROD0002,63,4,40,2026-05-17
INV1317,WH003,PROD0172,729,195,70,2026-07-12
INV1318,WH009,PROD0323,83,22,10,2026-06-28
INV1319,WH020,PROD0373,23,3,13,2026-04-30
INV1320,WH028,PROD0243,475,94,94,2026-07-12
INV1321,WH024,PROD0292,309,32,320,2026-07-18
INV1322,WH016,PROD0362,113,31,17,2026-04-28
INV1323,WH026,PROD0453,368,54,82,2026-07-18
INV1324,WH021,PROD0305,2289,281,430,2026-07-22
INV1325,WH014,PROD0301,684,213,116,2026-06-21
INV1326,WH046,PROD0143,616,227,231,2026-07-22
INV1327,WH003,PROD0302,735,246,143,2026-07-02
INV1328,WH019,PROD0306,189,63,18,2026-06-14
INV1329,WH028,PROD0152,321,99,46,2026-07-14
INV1330,WH017,PROD0458,107,9,11,2026-06-16
INV1331,WH038,PROD0361,646,181,133,2026-07-18
INV1332,WH022,PROD0316,83,10,40,2026-05-20
INV1333,WH045,PROD0038,1047,212,450,2026-07-24
INV1334,WH013,PROD0419,705,266,97,2026-07-03
INV1335,WH041,PROD0083,97,30,30,2026-05-04
INV1336,WH005,PROD0434,2402,562,496,2026-07-23
INV1337,WH009,PROD0105,2144,516,369,2026-07-21
INV1338,WH022,PROD0337,659,48,138,2026-07-04
INV1339,WH025,PROD0358,29,8,17,2026-04-04
INV1340,WH024,PROD0206,88,22,34,2026-04-20
INV1341,WH018,PROD0201,16,3,25,2026-04-28
INV1342,WH018,PROD0291,1884,541,198,2026-07-17
INV1343,WH001,PROD0439,168,20,33,2026-06-13
INV1344,WH004,PROD0430,149,53,8,2026-04-20
INV1345,WH025,PROD0206,43,8,5,2026-06-20
INV1346,WH021,PROD0376,125,47,37,2026-05-11
INV1347,WH043,PROD0475,143,23,30,2026-05-22
INV1348,WH032,PROD0181,35,7,16,2026-05-31
INV1349,WH001,PROD0027,495,83,97,2026-06-24
INV1350,WH027,PROD0414,145,41,13,2026-05-26
INV1351,WH027,PROD0196,461,40,62,2026-07-02
INV1352,WH017,PROD0442,409,130,63,2026-07-18
INV1353,WH031,PROD0478,85,28,5,2026-06-14
INV1354,WH013,PROD0271,516,206,146,2026-06-18
INV1355,WH050,PROD0120,425,150,135,2026-06-22
INV1356,WH029,PROD0011,72,4,31,2026-06-08
INV1357,WH018,PROD0079,317,22,95,2026-06-26
INV1358,WH045,PROD0171,149,19,99,2026-06-18
INV1359,WH050,PROD0447,1438,178,482,2026-07-30
INV1360,WH001,PROD0299,543,183,111,2026-07-18
INV1361,WH032,PROD0445,157,54,36,2026-06-15
INV1362,WH010,PROD0285,78,13,12,2026-06-06
INV1363,WH034,PROD0007,86,18,25,2026-06-27
INV1364,WH050,PROD0194,186,73,36,2026-05-25
INV1365,WH001,PROD0294,92,25,36,2026-04-12
INV1366,WH017,PROD0347,14,4,26,2026-04-19
INV1367,WH003,PROD0072,178,19,32,2026-07-02
INV1368,WH018,PROD0076,176,68,7,2026-06-03
INV1369,WH034,PROD0308,45,6,26,2026-04-27
INV1370,WH002,PROD0240,295,30,138,2026-07-03
INV1371,WH037,PROD0381,550,118,115,2026-06-23
INV1372,WH030,PROD0186,1796,283,158,2026-07-21
INV1373,WH028,PROD0378,1394,421,451,2026-07-23
INV1374,WH033,PROD0268,195,31,13,2026-04-16
INV1375,WH026,PROD0357,626,54,133,2026-07-05
INV1376,WH016,PROD0332,66,4,15,2026-05-09
INV1377,WH025,PROD0367,1446,284,184,2026-07-24
INV1378,WH034,PROD0108,35,10,33,2026-06-08
INV1379,WH012,PROD0432,704,126,57,2026-07-17
INV1380,WH034,PROD0473,33,7,34,2026-04-24
INV1381,WH010,PROD0454,1862,314,285,2026-07-18
INV1382,WH040,PROD0281,707,266,137,2026-07-21
INV1383,WH016,PROD0069,127,35,14,2026-06-04
INV1384,WH040,PROD0258,158,56,6,2026-06-13
INV1385,WH044,PROD0424,531,177,118,2026-07-20
INV1386,WH028,PROD0162,379,102,141,2026-06-18
INV1387,WH043,PROD0455,151,59,22,2026-05-04
INV1388,WH046,PROD0133,589,121,421,2026-07-19
INV1389,WH021,PROD0104,161,63,38,2026-06-23
INV1390,WH035,PROD0277,169,52,7,2026-05-06
INV1391,WH038,PROD0034,1612,113,352,2026-07-22
INV1392,WH024,PROD0262,165,31,29,2026-06-11
INV1393,WH033,PROD0135,150,29,37,2026-05-07
INV1394,WH010,PROD0492,14,1,35,2026-05-12
INV1395,WH026,PROD0349,745,281,192,2026-07-30
INV1396,WH039,PROD0015,171,41,26,2026-06-21
INV1397,WH007,PROD0080,680,158,112,2026-06-18
INV1398,WH042,PROD0402,35,11,37,2026-06-15
INV1399,WH032,PROD0004,511,181,79,2026-07-20
INV1400,WH038,PROD0068,324,83,91,2026-07-13
INV1401,WH036,PROD0311,69,25,19,2026-05-28
INV1402,WH028,PROD0339,411,153,107,2026-06-23
INV1403,WH021,PROD0023,117,24,36,2026-05-22
INV1404,WH034,PROD0401,1222,212,197,2026-07-26
INV1405,WH016,PROD0379,203,69,128,2026-07-12
INV1406,WH021,PROD0169,97,33,7,2026-04-06
INV1407,WH044,PROD0464,18,4,27,2026-06-16
INV1408,WH040,PROD0309,1211,361,364,2026-07-27
INV1409,WH003,PROD0160,1805,222,360,2026-07-23
INV1410,WH020,PROD0033,415,158,143,2026-06-22
INV1411,WH045,PROD0053,49,16,19,2026-04-11
INV1412,WH013,PROD0206,147,24,33,2026-06-18
INV1413,WH050,PROD0274,164,41,9,2026-06-28
INV1414,WH029,PROD0317,124,44,39,2026-06-26
INV1415,WH041,PROD0499,1539,220,498,2026-07-21
INV1416,WH019,PROD0135,115,38,35,2026-04-20
INV1417,WH049,PROD0119,2033,405,471,2026-07-18
INV1418,WH002,PROD0034,2069,547,211,2026-07-29
INV1419,WH049,PROD0256,618,218,114,2026-07-09
INV1420,WH032,PROD0188,125,46,15,2026-04-17
INV1421,WH043,PROD0225,339,63,43,2026-06-20
INV1422,WH048,PROD0107,138,22,47,2026-07-17
INV1423,WH046,PROD0339,411,163,112,2026-07-12
INV1424,WH012,PROD0154,33,2,29,2026-05-16
INV1425,WH048,PROD0131,147,29,20,2026-04-19
INV1426,WH030,PROD0467,312,102,68,2026-07-04
INV1427,WH046,PROD0131,109,18,16,2026-06-17
INV1428,WH023,PROD0279,82,18,10,2026-04-13
INV1429,WH040,PROD0059,534,27,38,2026-06-24
INV1430,WH011,PROD0460,52,14,9,2026-04-28
INV1431,WH036,PROD0037,175,22,23,2026-06-20
INV1432,WH018,PROD0342,591,175,79,2026-07-19
INV1433,WH036,PROD0105,2294,135,330,2026-07-27
INV1434,WH047,PROD0441,42,6,39,2026-05-12
INV1435,WH016,PROD0498,1124,67,494,2026-07-17
INV1436,WH041,PROD0179,17,5,29,2026-04-03
INV1437,WH013,PROD0213,106,9,33,2026-05-05
INV1438,WH027,PROD0212,121,11,9,2026-07-02
INV1439,WH026,PROD0469,346,115,65,2026-07-11
INV1440,WH009,PROD0407,231,33,47,2026-07-08
INV1441,WH003,PROD0038,1155,450,471,2026-07-24
INV1442,WH027,PROD0250,466,38,109,2026-07-21
INV1443,WH040,PROD0037,93,14,14,2026-04-12
INV1444,WH008,PROD0141,400,49,33,2026-07-12
INV1445,WH023,PROD0033,568,208,68,2026-06-27
INV1446,WH020,PROD0072,106,25,8,2026-06-18
INV1447,WH049,PROD0066,1854,461,211,2026-07-30
INV1448,WH023,PROD0377,758,132,78,2026-07-01
INV1449,WH041,PROD0094,597,108,117,2026-06-24
INV1450,WH006,PROD0153,165,20,7,2026-06-29
INV1451,WH036,PROD0166,10,1,16,2026-05-21
INV1452,WH014,PROD0426,1410,527,499,2026-07-27
INV1453,WH031,PROD0073,392,7,39,2026-04-25
INV1454,WH049,PROD0124,339,126,38,2026-07-06
INV1455,WH047,PROD0379,185,28,77,2026-06-22
INV1456,WH010,PROD0184,33,9,12,2026-05-30
INV1457,WH034,PROD0265,2211,355,401,2026-07-18
INV1458,WH045,PROD0005,1485,241,107,2026-07-22
INV1459,WH032,PROD0334,2083,478,317,2026-07-30
INV1460,WH034,PROD0412,105,7,37,2026-06-26
INV1461,WH035,PROD0246,349,42,40,2026-07-03
INV1462,WH006,PROD0481,565,113,228,2026-07-28
INV1463,WH011,PROD0324,725,238,107,2026-07-24
INV1464,WH030,PROD0050,146,39,108,2026-06-27
INV1465,WH020,PROD0066,1654,568,489,2026-07-24
INV1466,WH036,PROD0334,309,61,173,2026-07-18
INV1467,WH013,PROD0126,194,73,9,2026-05-16
INV1468,WH048,PROD0101,112,7,81,2026-07-20
INV1469,WH012,PROD0491,2357,394,321,2026-07-18
INV1470,WH022,PROD0466,188,30,6,2026-04-07
INV1471,WH011,PROD0148,199,30,11,2026-06-20
INV1472,WH026,PROD0210,591,94,34,2026-07-16
INV1473,WH048,PROD0302,679,56,48,2026-07-21
INV1474,WH028,PROD0458,73,7,18,2026-04-27
INV1475,WH009,PROD0143,453,59,116,2026-07-26
INV1476,WH009,PROD0095,780,140,52,2026-07-19
INV1477,WH002,PROD0049,779,270,124,2026-07-20
INV1478,WH014,PROD0132,2488,319,257,2026-07-28
INV1479,WH015,PROD0329,54,12,28,2026-06-09
INV1480,WH008,PROD0408,319,97,50,2026-07-07
INV1481,WH027,PROD0348,1460,183,270,2026-07-29
INV1482,WH050,PROD0412,86,28,33,2026-05-09
INV1483,WH038,PROD0263,2061,296,319,2026-07-28
INV1484,WH047,PROD0415,159,32,27,2026-06-01
INV1485,WH043,PROD0243,740,108,145,2026-07-07
INV1486,WH041,PROD0321,1776,382,190,2026-07-22
INV1487,WH026,PROD0428,194,77,72,2026-07-11
INV1488,WH026,PROD0190,440,63,102,2026-07-18
INV1489,WH025,PROD0492,50,17,28,2026-06-01
INV1490,WH040,PROD0470,116,10,31,2026-05-25
INV1491,WH024,PROD0113,1320,334,307,2026-07-18
INV1492,WH019,PROD0450,123,24,22,2026-05-13
INV1493,WH015,PROD0174,1153,339,387,2026-07-22
INV1494,WH027,PROD0066,1688,175,482,2026-07-28
INV1495,WH046,PROD0387,109,11,36,2026-04-18
INV1496,WH031,PROD0042,260,91,112,2026-06-23
INV1497,WH027,PROD0487,60,9,40,2026-06-04
INV1498,WH043,PROD0147,115,25,40,2026-05-21
INV1499,WH043,PROD0296,407,34,311,2026-07-19
INV1500,WH037,PROD0241,161,42,20,2026-04-15
INV1501,WH035,PROD0404,178,14,9,2026-05-10
INV1502,WH044,PROD0485,138,25,10,2026-06-20
INV1503,WH042,PROD0101,572,77,41,2026-07-21
INV1504,WH014,PROD0243,233,50,78,2026-07-19
INV1505,WH050,PROD0003,690,182,240,2026-07-23
INV1506,WH036,PROD0463,192,69,6,2026-04-22
INV1507,WH018,PROD0294,63,24,12,2026-06-16
INV1508,WH013,PROD0304,86,9,33,2026-05-13
INV1509,WH010,PROD0384,973,287,298,2026-07-18
INV1510,WH026,PROD0106,58,5,11,2026-05-05
INV1511,WH038,PROD0323,86,16,5,2026-06-05
INV1512,WH033,PROD0434,627,71,441,2026-07-30
INV1513,WH019,PROD0291,2184,422,145,2026-07-22
INV1514,WH002,PROD0211,184,23,40,2026-06-04
INV1515,WH008,PROD0017,36,3,29,2026-06-19
INV1516,WH037,PROD0015,39,9,30,2026-06-01
INV1517,WH038,PROD0018,183,23,54,2026-07-08
INV1518,WH014,PROD0244,781,218,83,2026-06-22
INV1519,WH044,PROD0141,646,95,131,2026-07-16
INV1520,WH035,PROD0409,371,142,41,2026-07-19
INV1521,WH032,PROD0308,65,25,7,2026-06-23
INV1522,WH006,PROD0054,112,28,5,2026-05-27
INV1523,WH043,PROD0337,185,12,128,2026-07-21
INV1524,WH011,PROD0458,19,4,14,2026-04-26
INV1525,WH027,PROD0475,40,15,30,2026-04-24
INV1526,WH005,PROD0449,168,25,7,2026-06-01
INV1527,WH017,PROD0257,200,48,26,2026-05-25
INV1528,WH004,PROD0108,91,18,17,2026-06-23
INV1529,WH037,PROD0344,34,2,36,2026-04-18
INV1530,WH025,PROD0031,181,15,71,2026-06-22
INV1531,WH006,PROD0405,607,216,44,2026-07-09
INV1532,WH007,PROD0299,798,318,69,2026-07-21
INV1533,WH001,PROD0083,143,11,40,2026-04-10
INV1534,WH009,PROD0431,146,22,34,2026-04-13
INV1535,WH032,PROD0479,176,68,128,2026-07-09
INV1536,WH033,PROD0189,2310,810,294,2026-07-27
INV1537,WH005,PROD0123,151,56,10,2026-06-28
INV1538,WH040,PROD0497,38,12,29,2026-06-17
INV1539,WH011,PROD0128,756,129,49,2026-07-15
INV1540,WH005,PROD0364,343,43,40,2026-07-01
INV1541,WH039,PROD0340,120,8,16,2026-05-14
INV1542,WH023,PROD0173,52,16,25,2026-06-10
INV1543,WH020,PROD0458,29,7,5,2026-06-15
INV1544,WH005,PROD0479,577,149,104,2026-06-18
INV1545,WH034,PROD0270,1770,462,318,2026-07-25
INV1546,WH039,PROD0114,159,13,33,2026-06-29
INV1547,WH045,PROD0375,97,16,32,2026-05-06
INV1548,WH024,PROD0187,2367,239,251,2026-07-17
INV1549,WH029,PROD0327,188,35,88,2026-07-13
INV1550,WH042,PROD0186,1959,275,287,2026-07-31
INV1551,WH031,PROD0012,179,27,7,2026-06-22
INV1552,WH018,PROD0057,66,15,5,2026-05-15
INV1553,WH027,PROD0441,56,18,21,2026-06-27
INV1554,WH050,PROD0414,36,14,5,2026-07-02
INV1555,WH035,PROD0307,160,63,116,2026-07-05
INV1556,WH007,PROD0249,238,12,98,2026-07-13
INV1557,WH013,PROD0257,194,33,12,2026-06-17
INV1558,WH011,PROD0072,68,6,14,2026-04-23
INV1559,WH010,PROD0146,113,24,98,2026-07-05
INV1560,WH034,PROD0099,101,5,24,2026-06-28
INV1561,WH047,PROD0385,667,174,64,2026-06-24
INV1562,WH024,PROD0456,204,77,120,2026-07-15
INV1563,WH002,PROD0423,1587,616,199,2026-07-26
INV1564,WH010,PROD0085,174,16,38,2026-04-18
INV1565,WH028,PROD0149,40,9,28,2026-05-01
INV1566,WH049,PROD0238,144,13,20,2026-06-29
INV1567,WH005,PROD0013,1529,230,152,2026-07-22
INV1568,WH022,PROD0125,87,14,9,2026-04-15
INV1569,WH049,PROD0262,34,7,21,2026-05-27
INV1570,WH030,PROD0148,197,12,13,2026-04-23
INV1571,WH033,PROD0346,152,28,19,2026-06-30
INV1572,WH032,PROD0468,672,192,112,2026-07-21
INV1573,WH036,PROD0300,772,64,441,2026-07-29
INV1574,WH040,PROD0372,193,72,33,2026-05-31
INV1575,WH047,PROD0207,710,114,103,2026-07-22
INV1576,WH021,PROD0491,1710,308,352,2026-07-19
INV1577,WH045,PROD0394,15,1,39,2026-05-28
INV1578,WH001,PROD0428,529,131,107,2026-06-25
INV1579,WH020,PROD0184,49,16,38,2026-04-16
INV1580,WH025,PROD0035,196,32,8,2026-05-14
INV1581,WH015,PROD0232,79,28,28,2026-05-07
INV1582,WH021,PROD0074,123,46,31,2026-06-21
INV1583,WH036,PROD0036,1524,370,400,2026-07-17
INV1584,WH015,PROD0326,383,45,362,2026-07-27
INV1585,WH040,PROD0315,51,7,30,2026-05-26
INV1586,WH032,PROD0441,56,13,25,2026-07-01
INV1587,WH016,PROD0381,244,27,145,2026-07-06
INV1588,WH001,PROD0393,132,27,65,2026-07-17
INV1589,WH008,PROD0369,94,35,26,2026-06-01
INV1590,WH007,PROD0168,647,136,73,2026-07-02
INV1591,WH038,PROD0476,417,142,296,2026-07-29
INV1592,WH025,PROD0008,266,47,65,2026-07-12
INV1593,WH049,PROD0110,66,21,14,2026-04-14
INV1594,WH019,PROD0184,56,9,19,2026-06-22
INV1595,WH009,PROD0269,109,16,19,2026-06-27
INV1596,WH009,PROD0310,121,44,30,2026-06-09
INV1597,WH039,PROD0047,553,121,50,2026-07-16
INV1598,WH039,PROD0072,43,3,6,2026-05-25
INV1599,WH050,PROD0091,788,105,283,2026-07-21
INV1600,WH026,PROD0196,718,251,56,2026-06-22
INV1601,WH026,PROD0114,229,71,134,2026-06-30
INV1602,WH008,PROD0430,69,4,15,2026-04-29
INV1603,WH023,PROD0004,289,56,49,2026-07-20
INV1604,WH004,PROD0055,1280,158,429,2026-07-28
INV1605,WH032,PROD0310,134,9,10,2026-04-16
INV1606,WH002,PROD0095,695,139,112,2026-07-01
INV1607,WH012,PROD0431,97,14,29,2026-04-07
INV1608,WH039,PROD0159,10,3,33,2026-04-19
INV1609,WH010,PROD0117,10,3,23,2026-05-19
INV1610,WH009,PROD0381,339,94,40,2026-06-28
INV1611,WH035,PROD0394,29,5,23,2026-05-21
INV1612,WH019,PROD0429,72,23,33,2026-07-01
INV1613,WH019,PROD0484,461,171,55,2026-07-16
INV1614,WH032,PROD0220,2023,341,464,2026-07-25
INV1615,WH043,PROD0242,2012,119,134,2026-07-29
INV1616,WH036,PROD0045,189,45,25,2026-05-02
INV1617,WH005,PROD0409,739,71,37,2026-07-13
INV1618,WH031,PROD0321,2109,569,112,2026-07-25
INV1619,WH028,PROD0105,1673,172,225,2026-07-29
INV1620,WH008,PROD0277,101,35,14,2026-06-23
INV1621,WH041,PROD0265,1465,261,431,2026-07-23
INV1622,WH032,PROD0043,185,48,66,2026-07-13
INV1623,WH003,PROD0015,72,23,34,2026-05-20
INV1624,WH049,PROD0276,678,241,146,2026-07-13
INV1625,WH005,PROD0107,246,41,63,2026-06-25
INV1626,WH033,PROD0436,1856,228,294,2026-07-22
INV1627,WH049,PROD0494,648,55,121,2026-07-06
INV1628,WH013,PROD0411,799,135,93,2026-06-26
INV1629,WH022,PROD0459,1161,74,368,2026-07-29
INV1630,WH002,PROD0418,109,32,27,2026-06-12
INV1631,WH012,PROD0221,555,197,140,2026-07-08
INV1632,WH010,PROD0250,287,109,65,2026-07-02
INV1633,WH016,PROD0251,474,75,116,2026-06-27
INV1634,WH040,PROD0241,115,23,21,2026-04-26
INV1635,WH028,PROD0082,974,322,242,2026-07-18
INV1636,WH024,PROD0426,792,152,111,2026-07-27
INV1637,WH001,PROD0491,1992,776,396,2026-07-29
INV1638,WH025,PROD0274,95,31,12,2026-06-14
INV1639,WH027,PROD0393,229,81,126,2026-06-24
INV1640,WH012,PROD0306,69,3,25,2026-04-04
INV1641,WH050,PROD0111,1354,195,450,2026-07-17
INV1642,WH009,PROD0295,212,75,68,2026-06-25
INV1643,WH001,PROD0096,903,327,200,2026-07-27
INV1644,WH045,PROD0479,784,117,123,2026-07-22
INV1645,WH032,PROD0371,155,28,34,2026-06-15
INV1646,WH019,PROD0358,177,10,8,2026-05-05
INV1647,WH040,PROD0272,44,9,10,2026-05-26
INV1648,WH010,PROD0397,72,19,17,2026-05-07
INV1649,WH045,PROD0029,681,109,119,2026-07-05
INV1650,WH026,PROD0250,509,27,128,2026-06-24
INV1651,WH041,PROD0113,875,105,366,2026-07-25
INV1652,WH009,PROD0453,255,92,33,2026-07-19
INV1653,WH034,PROD0150,138,25,22,2026-06-16
INV1654,WH035,PROD0105,1138,225,485,2026-07-28
INV1655,WH037,PROD0196,123,13,131,2026-06-20
INV1656,WH035,PROD0310,113,9,36,2026-04-12
INV1657,WH001,PROD0437,95,35,21,2026-04-16
INV1658,WH039,PROD0069,16,5,40,2026-05-16
INV1659,WH046,PROD0427,23,2,12,2026-06-08
INV1660,WH049,PROD0444,195,35,146,2026-07-09
INV1661,WH001,PROD0040,210,31,145,2026-07-01
INV1662,WH023,PROD0403,145,51,8,2026-04-24
INV1663,WH034,PROD0376,140,19,7,2026-05-27
INV1664,WH019,PROD0032,378,65,60,2026-07-18
INV1665,WH005,PROD0352,64,14,26,2026-06-08
INV1666,WH018,PROD0264,175,27,18,2026-05-02
INV1667,WH033,PROD0026,60,16,7,2026-04-14
INV1668,WH026,PROD0265,1601,330,295,2026-07-27
INV1669,WH029,PROD0282,368,142,34,2026-07-17
INV1670,WH010,PROD0455,128,46,11,2026-05-12
INV1671,WH036,PROD0331,190,56,18,2026-05-02
INV1672,WH007,PROD0188,142,55,29,2026-05-09
INV1673,WH028,PROD0058,187,63,102,2026-06-22
INV1674,WH023,PROD0297,198,55,38,2026-06-07
INV1675,WH005,PROD0244,142,50,122,2026-07-02
INV1676,WH035,PROD0107,483,84,54,2026-07-06
INV1677,WH038,PROD0179,118,35,25,2026-05-07
INV1678,WH016,PROD0127,158,23,37,2026-06-12
INV1679,WH043,PROD0073,34,7,34,2026-04-04
INV1680,WH005,PROD0349,1652,237,376,2026-07-18
INV1681,WH036,PROD0249,719,37,141,2026-07-09
INV1682,WH013,PROD0004,255,43,130,2026-06-20
INV1683,WH030,PROD0092,590,118,126,2026-06-28
INV1684,WH042,PROD0114,361,98,70,2026-07-18
INV1685,WH046,PROD0032,268,95,70,2026-07-14
INV1686,WH020,PROD0219,37,12,20,2026-07-02
INV1687,WH001,PROD0275,2232,675,164,2026-07-17
INV1688,WH015,PROD0285,193,63,15,2026-05-02
INV1689,WH049,PROD0060,40,3,37,2026-05-26
INV1690,WH047,PROD0247,2364,119,299,2026-07-28
INV1691,WH001,PROD0227,639,42,174,2026-07-30
INV1692,WH018,PROD0073,59,8,23,2026-04-07
INV1693,WH044,PROD0494,153,53,74,2026-06-22
INV1694,WH029,PROD0241,34,9,32,2026-06-17
INV1695,WH031,PROD0056,485,83,76,2026-06-25
INV1696,WH050,PROD0234,114,29,23,2026-06-27
INV1697,WH025,PROD0269,70,22,17,2026-05-27
INV1698,WH040,PROD0366,103,38,14,2026-06-12
INV1699,WH009,PROD0346,107,34,28,2026-06-07
INV1700,WH045,PROD0094,230,58,137,2026-07-17
INV1701,WH016,PROD0320,190,10,5,2026-05-05
INV1702,WH031,PROD0344,72,22,31,2026-06-26
INV1703,WH041,PROD0301,217,13,40,2026-07-01
INV1704,WH003,PROD0036,1925,709,462,2026-07-18
INV1705,WH002,PROD0259,133,22,47,2026-06-27
INV1706,WH014,PROD0343,1371,229,339,2026-07-17
INV1707,WH036,PROD0471,62,9,19,2026-05-23
INV1708,WH014,PROD0184,135,15,10,2026-04-17
INV1709,WH026,PROD0242,673,90,229,2026-07-25
INV1710,WH033,PROD0474,523,182,111,2026-06-28
INV1711,WH016,PROD0416,938,115,111,2026-07-17
INV1712,WH032,PROD0355,45,7,31,2026-05-09
INV1713,WH010,PROD0159,110,15,39,2026-05-21
INV1714,WH011,PROD0369,137,6,13,2026-05-26
INV1715,WH045,PROD0451,791,45,114,2026-07-13
INV1716,WH004,PROD0045,87,14,29,2026-06-30
INV1717,WH036,PROD0393,446,150,65,2026-07-09
INV1718,WH008,PROD0206,176,62,17,2026-06-25
INV1719,WH013,PROD0121,1611,450,315,2026-07-18
INV1720,WH039,PROD0365,61,22,5,2026-06-21
INV1721,WH004,PROD0270,1261,258,133,2026-07-23
INV1722,WH001,PROD0415,89,9,39,2026-06-27
INV1723,WH015,PROD0172,385,92,38,2026-07-01
INV1724,WH049,PROD0093,169,52,8,2026-04-14
INV1725,WH017,PROD0362,66,13,33,2026-05-10
INV1726,WH027,PROD0202,53,3,39,2026-04-11
INV1727,WH006,PROD0072,45,3,32,2026-04-27
INV1728,WH049,PROD0293,87,34,34,2026-04-04
INV1729,WH001,PROD0447,1723,130,467,2026-07-28
INV1730,WH006,PROD0019,457,174,117,2026-06-17
INV1731,WH048,PROD0126,12,4,32,2026-04-30
INV1732,WH019,PROD0072,34,13,40,2026-04-19
INV1733,WH009,PROD0342,532,114,107,2026-07-08
INV1734,WH023,PROD0332,17,5,11,2026-05-12
INV1735,WH045,PROD0444,200,43,95,2026-06-21
INV1736,WH009,PROD0337,643,124,99,2026-07-09
INV1737,WH035,PROD0270,1764,538,112,2026-07-30
INV1738,WH050,PROD0401,961,183,335,2026-07-17
INV1739,WH012,PROD0218,120,27,32,2026-05-07
INV1740,WH001,PROD0292,1097,207,329,2026-07-21
INV1741,WH021,PROD0087,57,14,40,2026-04-11
INV1742,WH035,PROD0496,723,109,30,2026-06-23
INV1743,WH021,PROD0290,648,105,43,2026-07-14
INV1744,WH031,PROD0239,255,99,85,2026-07-02
INV1745,WH025,PROD0152,125,46,100,2026-07-10
INV1746,WH048,PROD0273,125,46,70,2026-07-21
INV1747,WH019,PROD0064,551,91,43,2026-06-28
INV1748,WH005,PROD0489,45,7,27,2026-05-13
INV1749,WH035,PROD0226,30,7,12,2026-05-24
INV1750,WH042,PROD0185,21,2,5,2026-04-16
INV1751,WH046,PROD0327,285,70,96,2026-06-24
INV1752,WH023,PROD0328,128,16,8,2026-04-13
INV1753,WH010,PROD0302,300,25,32,2026-07-15
INV1754,WH022,PROD0325,13,2,9,2026-04-11
INV1755,WH003,PROD0253,80,25,15,2026-04-20
INV1756,WH043,PROD0330,163,64,27,2026-06-13
INV1757,WH013,PROD0209,719,195,56,2026-07-15
INV1758,WH011,PROD0454,471,180,106,2026-07-19
INV1759,WH002,PROD0482,857,94,233,2026-07-19
INV1760,WH046,PROD0217,242,42,63,2026-06-24
INV1761,WH048,PROD0326,1480,493,112,2026-07-20
INV1762,WH045,PROD0048,174,32,22,2026-05-24
INV1763,WH039,PROD0189,1971,725,447,2026-07-19
INV1764,WH047,PROD0195,655,213,145,2026-06-21
INV1765,WH020,PROD0130,105,17,19,2026-05-31
INV1766,WH025,PROD0336,119,33,40,2026-04-25
INV1767,WH033,PROD0102,180,21,22,2026-04-29
INV1768,WH048,PROD0439,68,16,27,2026-04-10
INV1769,WH011,PROD0438,526,66,136,2026-06-21
INV1770,WH020,PROD0266,90,5,20,2026-06-13
INV1771,WH030,PROD0243,473,24,97,2026-06-22
INV1772,WH039,PROD0149,72,13,15,2026-04-10
INV1773,WH036,PROD0112,178,24,21,2026-05-25
INV1774,WH028,PROD0306,186,11,26,2026-04-25
INV1775,WH047,PROD0405,412,72,70,2026-07-19
INV1776,WH039,PROD0090,2479,526,237,2026-07-25
INV1777,WH030,PROD0101,387,96,52,2026-07-10
INV1778,WH029,PROD0117,199,68,36,2026-06-14
INV1779,WH018,PROD0326,13712,667,441,2026-07-21
INV1780,WH002,PROD0033,531,130,47,2026-07-01
INV1781,WH023,PROD0020,1098,53,13,2026-04-05
INV1782,WH002,PROD0337,289,45,101,2026-07-16
INV1783,WH005,PROD0072,128,37,21,2026-04-06
INV1784,WH015,PROD0385,603,69,109,2026-07-01
INV1785,WH047,PROD0464,35,4,12,2026-06-14
INV1786,WH002,PROD0141,270,30,81,2026-06-30
INV1787,WH017,PROD0077,664,243,85,2026-06-28
INV1788,WH023,PROD0057,187,33,8,2026-04-26
INV1789,WH013,PROD0284,193,29,27,2026-05-19
INV1790,WH017,PROD0324,2066,539,120,2026-07-19
INV1791,WH006,PROD0300,1250,96,265,2026-07-30
INV1792,WH020,PROD0177,101,12,25,2026-04-06
INV1793,WH003,PROD0473,116,13,13,2026-05-03
INV1794,WH027,PROD0234,61,8,20,2026-05-07
INV1795,WH006,PROD0342,425,76,136,2026-06-22
INV1796,WH047,PROD0391,270,37,127,2026-06-25
INV1797,WH049,PROD0218,17,3,37,2026-05-31
INV1798,WH042,PROD0227,1906,488,181,2026-07-31
INV1799,WH028,PROD0293,69,23,10,2026-04-16
INV1800,WH040,PROD0307,444,137,39,2026-06-25
INV1801,WH020,PROD0172,133,40,121,2026-07-01
INV1802,WH035,PROD0074,42,5,31,2026-05-07
INV1803,WH012,PROD0488,65,22,22,2026-06-03
INV1804,WH036,PROD0272,19,3,24,2026-04-29
INV1805,WH043,PROD0150,176,17,14,2026-06-25
INV1806,WH016,PROD0206,86,30,28,2026-06-27
INV1807,WH012,PROD0403,194,26,20,2026-06-19
INV1808,WH024,PROD0393,479,102,86,2026-06-28
INV1809,WH005,PROD0057,193,49,26,2026-05-26
INV1810,WH041,PROD0133,1094,380,143,2026-07-23
INV1811,WH020,PROD0128,546,70,143,2026-06-29
INV1812,WH003,PROD0352,177,69,15,2026-04-08
INV1813,WH008,PROD0348,739,142,264,2026-07-31
INV1814,WH008,PROD0486,2215,412,409,2026-07-29
INV1815,WH022,PROD0415,26,9,33,2026-06-05
INV1816,WH028,PROD0073,185,56,10,2026-06-26
INV1817,WH040,PROD0080,260,35,42,2026-06-17
INV1818,WH005,PROD0403,92,26,33,2026-06-05
INV1819,WH031,PROD0059,127,31,75,2026-07-14
INV1820,WH032,PROD0001,552,94,112,2026-07-04
INV1821,WH040,PROD0431,196,69,10,2026-05-16
INV1822,WH018,PROD0163,23,1,5,2026-06-10
INV1823,WH025,PROD0381,633,141,61,2026-06-17
INV1824,WH014,PROD0382,89,9,27,2026-06-25
INV1825,WH026,PROD0232,111,30,8,2026-06-02
INV1826,WH001,PROD0310,194,37,18,2026-05-29
INV1827,WH044,PROD0179,86,25,9,2026-04-25
INV1828,WH028,PROD0278,617,47,42,2026-07-20
INV1829,WH036,PROD0341,235,17,87,2026-07-11
INV1830,WH021,PROD0052,1298,235,225,2026-07-27
INV1831,WH020,PROD0082,909,120,101,2026-07-30
INV1832,WH011,PROD0186,1266,404,188,2026-07-31
INV1833,WH044,PROD0375,29,2,29,2026-04-27
INV1834,WH027,PROD0114,525,69,137,2026-07-22
INV1835,WH043,PROD0349,652,141,432,2026-07-20
INV1836,WH025,PROD0308,13,3,34,2026-04-28
INV1837,WH031,PROD0095,147,25,35,2026-07-21
INV1838,WH045,PROD0368,202,78,129,2026-07-19
INV1839,WH030,PROD0059,544,133,60,2026-07-05
INV1840,WH002,PROD0407,769,263,115,2026-06-18
INV1841,WH012,PROD0111,2179,392,103,2026-07-23
INV1842,WH050,PROD0300,629,207,418,2026-07-27
INV1843,WH017,PROD0479,472,47,83,2026-06-22
INV1844,WH022,PROD0200,39,7,16,2026-05-05
INV1845,WH029,PROD0229,800,232,133,2026-07-15
INV1846,WH033,PROD0213,46,11,32,2026-06-02
INV1847,WH009,PROD0380,511,190,127,2026-06-28
INV1848,WH015,PROD0482,403,89,290,2026-07-26
INV1849,WH013,PROD0279,144,48,35,2026-05-27
INV1850,WH047,PROD0072,65,11,23,2026-04-08
INV1851,WH020,PROD0404,110,24,29,2026-06-10
INV1852,WH014,PROD0001,403,30,117,2026-07-15
INV1853,WH050,PROD0050,800,215,68,2026-07-11
INV1854,WH012,PROD0152,623,162,59,2026-07-15
INV1855,WH048,PROD0216,63,13,31,2026-05-30
INV1856,WH025,PROD0161,486,125,98,2026-06-28
INV1857,WH025,PROD0283,153,9,19,2026-07-02
INV1858,WH039,PROD0472,174,53,19,2026-05-12
INV1859,WH006,PROD0392,98,31,16,2026-06-14
INV1860,WH039,PROD0059,777,170,112,2026-07-12
INV1861,WH022,PROD0307,328,21,65,2026-07-18
INV1862,WH044,PROD0075,158,37,11,2026-06-22
INV1863,WH033,PROD0081,1450,335,345,2026-07-30
INV1864,WH035,PROD0059,557,154,119,2026-06-27
INV1865,WH031,PROD0172,793,209,87,2026-06-19
INV1866,WH047,PROD0267,177,38,21,2026-04-20
INV1867,WH040,PROD0230,169,17,8,2026-05-23
INV1868,WH007,PROD0252,41,9,12,2026-05-28
INV1869,WH022,PROD0214,101,24,38,2026-06-20
INV1870,WH007,PROD0482,338,75,321,2026-07-30
INV1871,WH044,PROD0438,420,34,82,2026-07-07
INV1872,WH007,PROD0087,162,55,34,2026-05-17
INV1873,WH012,PROD0382,116,30,11,2026-05-10
INV1874,WH014,PROD0250,674,54,94,2026-07-18
INV1875,WH014,PROD0270,519,203,300,2026-07-23
INV1876,WH049,PROD0107,758,170,135,2026-07-22
INV1877,WH032,PROD0179,58,10,15,2026-06-18
INV1878,WH045,PROD0100,531,175,147,2026-07-15
INV1879,WH031,PROD0315,144,36,26,2026-05-29
INV1880,WH003,PROD0159,186,40,8,2026-06-01
INV1881,WH023,PROD0384,1511,486,290,2026-07-23
INV1882,WH022,PROD0356,117,30,20,2026-04-06
INV1883,WH049,PROD0426,806,280,178,2026-07-24
INV1884,WH014,PROD0310,171,63,14,2026-06-14
INV1885,WH022,PROD0055,2093,715,239,2026-07-30
INV1886,WH012,PROD0166,152,46,9,2026-04-13
INV1887,WH017,PROD0427,136,49,31,2026-06-10
INV1888,WH046,PROD0094,292,27,81,2026-07-20
INV1889,WH015,PROD0293,163,22,21,2026-05-18
INV1890,WH036,PROD0129,425,67,59,2026-07-16
INV1891,WH004,PROD0309,1292,413,104,2026-07-17
INV1892,WH026,PROD0267,179,11,26,2026-04-14
INV1893,WH045,PROD0339,413,87,76,2026-06-18
INV1894,WH047,PROD0017,153,13,16,2026-04-04
INV1895,WH050,PROD0457,58,22,26,2026-04-10
INV1896,WH027,PROD0206,140,49,9,2026-06-24
INV1897,WH013,PROD0479,539,117,87,2026-07-21
INV1898,WH031,PROD0337,331,129,120,2026-07-04
INV1899,WH012,PROD0157,43,4,15,2026-04-11
INV1900,WH018,PROD0049,731,243,97,2026-07-08
INV1901,WH044,PROD0468,351,70,53,2026-07-07
INV1902,WH001,PROD0049,657,99,42,2026-07-03
INV1903,WH036,PROD0447,1408,555,179,2026-07-21
INV1904,WH045,PROD0144,350,18,133,2026-06-29
INV1905,WH029,PROD0211,99,28,10,2026-06-17
INV1906,WH043,PROD0034,1677,88,313,2026-07-27
INV1907,WH019,PROD0053,89,10,36,2026-05-19
INV1908,WH046,PROD0034,1088,176,339,2026-07-31
INV1909,WH009,PROD0154,93,25,10,2026-04-06
INV1910,WH012,PROD0198,611,206,441,2026-07-17
INV1911,WH042,PROD0103,425,112,79,2026-07-02
INV1912,WH037,PROD0304,54,20,7,2026-04-12
INV1913,WH025,PROD0365,107,30,32,2026-04-19
INV1914,WH050,PROD0086,155,20,27,2026-06-03
INV1915,WH037,PROD0129,195,52,136,2026-07-18
INV1916,WH049,PROD0099,165,54,6,2026-04-14
INV1917,WH020,PROD0065,1448,507,434,2026-07-21
INV1918,WH025,PROD0218,182,56,16,2026-04-28
INV1919,WH020,PROD0346,142,18,39,2026-04-16
INV1920,WH014,PROD0242,1819,426,152,2026-07-20
INV1921,WH040,PROD0131,197,39,7,2026-04-29
INV1922,WH019,PROD0090,1464,361,227,2026-07-20
INV1923,WH040,PROD0484,236,40,100,2026-07-01
INV1924,WH014,PROD0175,388,66,395,2026-07-18
INV1925,WH036,PROD0325,143,20,28,2026-04-16
INV1926,WH031,PROD0432,746,102,140,2026-07-22
INV1927,WH039,PROD0448,532,65,66,2026-07-02
INV1928,WH022,PROD0023,76,25,34,2026-06-17
INV1929,WH001,PROD0020,161,15,26,2026-05-28
INV1930,WH030,PROD0109,381,107,66,2026-06-27
INV1931,WH028,PROD0221,560,147,105,2026-06-18
INV1932,WH002,PROD0210,209,74,88,2026-07-21
INV1933,WH028,PROD0300,510,72,143,2026-07-18
INV1934,WH006,PROD0042,126,41,127,2026-07-09
INV1935,WH046,PROD0478,124,23,11,2026-05-20
INV1936,WH027,PROD0222,196,54,25,2026-07-02
INV1937,WH047,PROD0259,532,154,150,2026-07-21
INV1938,WH017,PROD0289,195,29,16,2026-06-06
INV1939,WH024,PROD0313,755,124,85,2026-06-19
INV1940,WH018,PROD0166,14,2,26,2026-05-11
INV1941,WH015,PROD0249,451,43,69,2026-07-20
INV1942,WH017,PROD0462,1028,77,387,2026-07-25
INV1943,WH035,PROD0301,271,89,145,2026-07-01
INV1944,WH003,PROD0433,43,16,26,2026-06-25
INV1945,WH016,PROD0276,431,86,141,2026-06-21
INV1946,WH025,PROD0448,408,110,95,2026-07-18
INV1947,WH016,PROD0265,1477,466,393,2026-07-28
INV1948,WH036,PROD0445,23,3,29,2026-06-07
INV1949,WH002,PROD0369,31,10,6,2026-06-22
INV1950,WH036,PROD0296,1845,146,407,2026-07-26
INV1951,WH042,PROD0107,101,27,127,2026-07-04
INV1952,WH024,PROD0076,191,32,36,2026-05-05
INV1953,WH031,PROD0025,1185,231,298,2026-07-26
INV1954,WH028,PROD0111,1339,198,255,2026-07-21
INV1955,WH017,PROD0207,620,193,129,2026-06-28
INV1956,WH015,PROD0054,147,56,9,2026-04-07
INV1957,WH024,PROD0226,183,39,31,2026-06-21
INV1958,WH004,PROD0230,66,10,12,2026-05-06
INV1959,WH030,PROD0237,2053,399,188,2026-07-21
INV1960,WH016,PROD0483,1907,304,327,2026-07-23
INV1961,WH040,PROD0462,2300,745,353,2026-07-27
INV1962,WH024,PROD0314,79,10,23,2026-04-10
INV1963,WH033,PROD0365,95,16,13,2026-04-18
INV1964,WH048,PROD0236,74,16,6,2026-06-02
INV1965,WH036,PROD0244,388,137,33,2026-07-06
INV1966,WH031,PROD0216,129,20,27,2026-06-22
INV1967,WH013,PROD0153,32,10,9,2026-05-23
INV1968,WH042,PROD0398,1151,294,130,2026-07-22
INV1969,WH042,PROD0368,147,45,103,2026-07-05
INV1970,WH024,PROD0204,101,13,37,2026-06-13
INV1971,WH017,PROD0176,1300,216,368,2026-07-19
INV1972,WH024,PROD0126,97,34,16,2026-06-07
INV1973,WH027,PROD0221,132,46,110,2026-07-22
INV1974,WH030,PROD0015,156,11,10,2026-06-24
INV1975,WH020,PROD0300,1781,138,315,2026-07-30
INV1976,WH039,PROD0257,155,61,30,2026-05-23
INV1977,WH007,PROD0350,1603,500,357,2026-07-28
INV1978,WH018,PROD0206,119,36,9,2026-05-24
INV1979,WH028,PROD0473,33,10,37,2026-04-11
INV1980,WH032,PROD0343,300,63,243,2026-07-20
INV1981,WH026,PROD0344,176,63,29,2026-04-23
INV1982,WH002,PROD0380,481,86,121,2026-07-14
INV1983,WH039,PROD0301,483,132,32,2026-06-19
INV1984,WH046,PROD0085,189,24,19,2026-04-05
INV1985,WH037,PROD0361,290,106,93,2026-06-25
INV1986,WH021,PROD0143,2270,608,448,2026-07-28
INV1987,WH010,PROD0035,74,5,8,2026-05-18
INV1988,WH035,PROD0199,485,106,34,2026-07-03
INV1989,WH016,PROD0110,151,31,10,2026-05-31
INV1990,WH022,PROD0086,76,26,34,2026-05-25
INV1991,WH001,PROD0097,435,64,107,2026-07-06
INV1992,WH048,PROD0448,788,255,51,2026-07-08
INV1993,WH015,PROD0430,101,37,10,2026-04-25
INV1994,WH020,PROD0474,608,50,91,2026-07-03
INV1995,WH014,PROD0471,103,29,9,2026-04-29
INV1996,WH023,PROD0264,105,38,17,2026-05-29
INV1997,WH050,PROD0163,146,18,10,2026-05-19
INV1998,WH034,PROD0398,1793,525,426,2026-07-29
INV1999,WH039,PROD0168,451,150,142,2026-07-19
INV2000,WH046,PROD0454,611,239,187,2026-07-23
INV2001,WH034,PROD0430,38,6,29,2026-05-05
INV2002,WH014,PROD0276,310,79,150,2026-07-16
INV2003,WH049,PROD0489,156,56,10,2026-04-23
INV2004,WH047,PROD0029,300,101,98,2026-07-18
INV2005,WH013,PROD0133,820,322,460,2026-07-22
INV2006,WH011,PROD0053,186,39,28,2026-04-20
INV2007,WH049,PROD0434,513,191,400,2026-07-20
INV2008,WH033,PROD0161,258,39,90,2026-07-10
INV2009,WH019,PROD0371,112,15,10,2026-06-07
INV2010,WH042,PROD0183,471,180,55,2026-07-19
INV2011,WH003,PROD0098,25,1,24,2026-05-26
INV2012,WH006,PROD0344,192,51,11,2026-06-26
INV2013,WH027,PROD0185,167,47,40,2026-05-25
INV2014,WH030,PROD0209,542,88,60,2026-07-03
INV2015,WH008,PROD0401,1052,88,405,2026-07-22
INV2016,WH040,PROD0440,1393,96,274,2026-07-29
INV2017,WH006,PROD0479,732,42,147,2026-07-16
INV2018,WH045,PROD0384,1866,543,428,2026-07-25
INV2019,WH004,PROD0459,2456,260,425,2026-07-29
INV2020,WH048,PROD0064,514,100,98,2026-07-13
INV2021,WH009,PROD0078,185,61,10,2026-04-12
INV2022,WH041,PROD0206,53,13,29,2026-04-14
INV2023,WH010,PROD0016,2467,357,199,2026-07-21
INV2024,WH046,PROD0045,200,34,5,2026-07-01
INV2025,WH043,PROD0410,1740,549,352,2026-07-29
INV2026,WH030,PROD0026,190,19,17,2026-06-12
INV2027,WH030,PROD0468,373,99,101,2026-07-01
INV2028,WH017,PROD0413,295,111,101,2026-06-23
INV2029,WH023,PROD0046,402,146,72,2026-07-11
INV2030,WH033,PROD0453,757,279,32,2026-07-13
INV2031,WH026,PROD0009,1856,451,122,2026-07-27
INV2032,WH012,PROD0135,13,4,31,2026-05-18
INV2033,WH017,PROD0231,112,33,26,2026-06-27
INV2034,WH006,PROD0325,138,27,37,2026-05-21
INV2035,WH017,PROD0105,444,82,148,2026-07-17
INV2036,WH023,PROD0221,237,58,58,2026-06-20
INV2037,WH033,PROD0227,1860,546,277,2026-07-25
INV2038,WH040,PROD0320,70,13,9,2026-06-06
INV2039,WH027,PROD0332,42,2,13,2026-04-18
INV2040,WH007,PROD0410,1092,58,384,2026-07-25
INV2041,WH038,PROD0142,180,56,33,2026-06-22
INV2042,WH014,PROD0261,117,10,56,2026-07-01
INV2043,WH017,PROD0439,143,35,25,2026-06-01
INV2044,WH037,PROD0149,88,26,9,2026-04-18
INV2045,WH030,PROD0415,154,20,8,2026-05-17
INV2046,WH036,PROD0123,160,61,27,2026-06-21
INV2047,WH014,PROD0328,24,2,26,2026-06-04
INV2048,WH032,PROD0005,1347,311,361,2026-07-19
INV2049,WH034,PROD0384,1995,580,269,2026-07-25
INV2050,WH050,PROD0340,179,20,39,2026-04-09
INV2051,WH034,PROD0464,52,16,39,2026-07-02
INV2052,WH014,PROD0079,351,22,77,2026-07-09
INV2053,WH033,PROD0176,2049,316,374,2026-07-20
INV2054,WH028,PROD0249,519,117,111,2026-06-21
INV2055,WH026,PROD0143,1626,354,382,2026-07-28
INV2056,WH018,PROD0295,433,72,136,2026-06-22
INV2057,WH023,PROD0326,1121,182,141,2026-07-24
INV2058,WH046,PROD0169,163,48,15,2026-04-29
INV2059,WH035,PROD0363,127,49,22,2026-06-21
INV2060,WH041,PROD0150,144,51,29,2026-04-06
INV2061,WH028,PROD0228,92,8,12,2026-04-10
INV2062,WH032,PROD0218,75,10,26,2026-06-04
INV2063,WH021,PROD0037,101,36,32,2026-05-24
INV2064,WH029,PROD0272,163,61,32,2026-06-02
INV2065,WH004,PROD0290,311,104,74,2026-06-20
INV2066,WH008,PROD0203,59,18,7,2026-06-22
INV2067,WH031,PROD0334,935,138,188,2026-07-17
INV2068,WH018,PROD0389,148,47,18,2026-05-24
INV2069,WH031,PROD0196,520,129,100,2026-07-19
INV2070,WH017,PROD0224,177,58,8,2026-06-22
INV2071,WH003,PROD0141,108,12,131,2026-07-09
INV2072,WH001,PROD0037,95,29,19,2026-05-07
INV2073,WH034,PROD0205,509,44,125,2026-06-21
INV2074,WH017,PROD0140,116,15,6,2026-05-19
INV2075,WH026,PROD0021,167,58,32,2026-05-01
INV2076,WH026,PROD0325,189,18,13,2026-04-30
INV2077,WH048,PROD0106,111,27,24,2026-04-14
INV2078,WH045,PROD0079,643,124,135,2026-06-30
INV2079,WH044,PROD0079,613,67,76,2026-07-20
INV2080,WH023,PROD0497,92,12,18,2026-04-22
INV2081,WH032,PROD0233,448,108,141,2026-07-02
INV2082,WH011,PROD0198,1047,132,313,2026-07-27
INV2083,WH026,PROD0245,756,114,95,2026-07-05
INV2084,WH029,PROD0288,391,66,346,2026-07-18
INV2085,WH037,PROD0357,683,179,150,2026-07-16
INV2086,WH031,PROD0192,104,26,9,2026-06-13
INV2087,WH020,PROD0050,414,69,107,2026-07-12
INV2088,WH028,PROD0470,80,18,39,2026-06-10
INV2089,WH050,PROD0330,96,19,35,2026-05-29
INV2090,WH025,PROD0400,91,5,7,2026-05-02
INV2091,WH017,PROD0333,191,65,18,2026-04-12
INV2092,WH050,PROD0222,147,32,35,2026-04-09
INV2093,WH027,PROD0410,1015,51,172,2026-07-20
INV2094,WH050,PROD0314,23,8,36,2026-05-12
INV2095,WH020,PROD0443,38,6,27,2026-06-06
INV2096,WH008,PROD0027,779,72,36,2026-07-15
INV2097,WH017,PROD0237,2163,325,217,2026-07-19
INV2098,WH016,PROD0340,28,6,21,2026-04-05
INV2099,WH023,PROD0483,1796,301,339,2026-07-23
INV2100,WH015,PROD0176,1407,382,431,2026-07-20
INV2101,WH022,PROD0449,176,21,28,2026-05-04
INV2102,WH010,PROD0122,47,18,39,2026-05-17
INV2103,WH002,PROD0428,790,173,125,2026-06-30
INV2104,WH032,PROD0186,2354,454,150,2026-07-21
INV2105,WH034,PROD0396,77,14,12,2026-06-08
INV2106,WH042,PROD0403,173,8,24,2026-05-07
INV2107,WH007,PROD0129,510,138,133,2026-06-24
INV2108,WH047,PROD0253,181,24,36,2026-04-05
INV2109,WH036,PROD0179,192,32,25,2026-04-20
INV2110,WH046,PROD0111,2345,703,245,2026-07-26
INV2111,WH008,PROD0237,404,136,197,2026-07-22
INV2112,WH005,PROD0236,99,34,6,2026-04-09
INV2113,WH029,PROD0384,444,111,296,2026-07-24
INV2114,WH037,PROD0018,600,177,99,2026-06-25
INV2115,WH034,PROD0161,421,79,117,2026-07-16
INV2116,WH008,PROD0384,1795,580,396,2026-07-19
INV2117,WH038,PROD0218,123,16,30,2026-04-07
INV2118,WH028,PROD0250,345,102,77,2026-06-30
INV2119,WH003,PROD0251,159,15,88,2026-07-14
INV2120,WH018,PROD0399,31,10,18,2026-06-03
INV2121,WH049,PROD0100,726,105,30,2026-07-18
INV2122,WH020,PROD0085,136,17,24,2026-04-15
INV2123,WH044,PROD0473,67,20,25,2026-05-02
INV2124,WH027,PROD0227,556,129,455,2026-07-27
INV2125,WH046,PROD0394,180,12,5,2026-04-08
INV2126,WH047,PROD0117,103,25,32,2026-05-17
INV2127,WH002,PROD0263,1013,386,275,2026-07-29
INV2128,WH047,PROD0242,1383,456,462,2026-07-19
INV2129,WH033,PROD0443,143,54,29,2026-05-09
INV2130,WH009,PROD0345,42,3,17,2026-06-11
INV2131,WH011,PROD0166,50,18,29,2026-06-22
INV2132,WH042,PROD0280,155,51,14,2026-05-21
INV2133,WH026,PROD0389,91,24,33,2026-05-30
INV2134,WH024,PROD0359,319,92,53,2026-06-29
INV2135,WH034,PROD0050,645,51,115,2026-07-01
INV2136,WH029,PROD0097,623,62,32,2026-07-01
INV2137,WH042,PROD0330,148,38,11,2026-04-05
INV2138,WH047,PROD0220,2401,203,254,2026-07-19
INV2139,WH032,PROD0481,628,178,233,2026-07-25
INV2140,WH005,PROD0134,179,21,38,2026-06-01
INV2141,WH004,PROD0461,34,6,12,2026-06-09
INV2142,WH025,PROD0006,1101,240,100,2026-07-23
INV2143,WH019,PROD0240,594,235,35,2026-07-22
INV2144,WH031,PROD0223,744,239,378,2026-07-28
INV2145,WH048,PROD0310,105,20,5,2026-05-02
INV2146,WH005,PROD0326,2004,450,194,2026-07-30
INV2147,WH035,PROD0269,142,9,30,2026-04-22
INV2148,WH033,PROD0200,157,20,19,2026-06-27
INV2149,WH011,PROD0199,404,132,113,2026-07-01
INV2150,WH028,PROD0240,405,77,43,2026-07-17
INV2151,WH044,PROD0386,69,22,6,2026-05-14
INV2152,WH037,PROD0017,154,8,36,2026-04-11
INV2153,WH022,PROD0417,179,69,12,2026-04-03
INV2154,WH004,PROD0064,665,163,38,2026-06-29
INV2155,WH026,PROD0279,46,17,30,2026-05-04
INV2156,WH012,PROD0061,440,32,148,2026-07-07
INV2157,WH026,PROD0374,225,8,26,2026-06-11
INV2158,WH008,PROD0217,685,166,124,2026-07-21
INV2159,WH024,PROD0406,80,7,37,2026-07-01
INV2160,WH039,PROD0119,1115,268,495,2026-07-26
INV2161,WH020,PROD0099,184,35,10,2026-07-02
INV2162,WH021,PROD0436,645,108,345,2026-07-27
INV2163,WH037,PROD0112,186,10,27,2026-06-17
INV2164,WH006,PROD0156,22,8,10,2026-06-13
INV2165,WH006,PROD0293,94,36,28,2026-04-28
INV2166,WH031,PROD0290,692,116,31,2026-07-08
INV2167,WH039,PROD0233,202,15,93,2026-06-21
INV2168,WH002,PROD0099,18,4,27,2026-05-11
INV2169,WH037,PROD0156,28,10,13,2026-05-31
INV2170,WH001,PROD0169,33,7,30,2026-05-31
INV2171,WH041,PROD0324,1613,333,206,2026-07-28
INV2172,WH008,PROD0388,152,31,34,2026-05-12
INV2173,WH025,PROD0144,329,124,69,2026-07-02
INV2174,WH046,PROD0477,160,43,34,2026-04-07
INV2175,WH006,PROD0328,130,16,20,2026-06-27
INV2176,WH038,PROD0406,117,43,33,2026-05-21
INV2177,WH017,PROD0445,97,15,12,2026-07-02
INV2178,WH035,PROD0440,476,140,400,2026-07-27
INV2179,WH047,PROD0411,322,77,137,2026-07-15
INV2180,WH025,PROD0011,97,21,23,2026-06-12
INV2181,WH050,PROD0435,697,234,144,2026-06-29
INV2182,WH020,PROD0412,132,11,31,2026-06-17
INV2183,WH037,PROD0243,501,88,69,2026-06-24
INV2184,WH023,PROD0215,97,22,34,2026-06-13
INV2185,WH010,PROD0086,109,24,18,2026-05-26
INV2186,WH044,PROD0013,1132,297,396,2026-07-31
INV2187,WH044,PROD0195,641,198,139,2026-06-30
INV2188,WH028,PROD0195,704,262,123,2026-07-11
INV2189,WH046,PROD0442,517,119,38,2026-07-09
INV2190,WH003,PROD0320,123,25,33,2026-05-05
INV2191,WH003,PROD0388,177,43,18,2026-04-21
INV2192,WH010,PROD0193,67,17,36,2026-05-04
INV2193,WH029,PROD0036,649,204,128,2026-07-24
INV2194,WH008,PROD0067,151,17,31,2026-06-10
INV2195,WH027,PROD0277,177,21,15,2026-05-27
INV2196,WH044,PROD0483,1290,129,126,2026-07-19
INV2197,WH015,PROD0130,81,26,29,2026-06-30
INV2198,WH017,PROD0363,68,17,5,2026-05-12
INV2199,WH013,PROD0175,2092,391,375,2026-07-17
INV2200,WH039,PROD0157,33,5,13,2026-04-29
INV2201,WH004,PROD0017,107,25,21,2026-05-31
INV2202,WH022,PROD0148,146,19,35,2026-05-20
INV2203,WH038,PROD0324,2431,263,105,2026-07-27
INV2204,WH020,PROD0464,46,7,38,2026-07-02
INV2205,WH027,PROD0390,87,14,13,2026-05-17
INV2206,WH036,PROD0441,118,32,40,2026-04-26
INV2207,WH044,PROD0093,20,7,19,2026-04-18
INV2208,WH016,PROD0455,29,10,35,2026-06-28
INV2209,WH046,PROD0463,93,36,40,2026-05-12
INV2210,WH038,PROD0398,839,180,376,2026-07-19
INV2211,WH031,PROD0082,2427,823,354,2026-07-28
INV2212,WH017,PROD0411,261,64,133,2026-07-03
INV2213,WH012,PROD0296,763,216,342,2026-07-17
INV2214,WH020,PROD0059,537,63,31,2026-07-07
INV2215,WH036,PROD0260,11,0,35,2026-07-02
INV2216,WH003,PROD0092,639,107,92,2026-07-03
INV2217,WH002,PROD0076,1288,51,15,2026-04-03
INV2218,WH024,PROD0153,103,19,22,2026-06-24
INV2219,WH040,PROD0071,579,208,128,2026-07-18
INV2220,WH009,PROD0448,577,186,70,2026-07-21
INV2221,WH044,PROD0293,124,13,21,2026-05-28
INV2222,WH047,PROD0204,24,8,35,2026-04-25
INV2223,WH048,PROD0278,293,73,55,2026-07-22
INV2224,WH032,PROD0073,70,13,40,2026-06-05
INV2225,WH001,PROD0219,22,3,10,2026-05-30
INV2226,WH010,PROD0118,237,18,81,2026-06-21
INV2227,WH035,PROD0176,2348,627,460,2026-07-30
INV2228,WH007,PROD0187,481,119,469,2026-07-30
INV2229,WH031,PROD0343,841,80,114,2026-07-22
INV2230,WH009,PROD0024,40,9,40,2026-06-13
INV2231,WH009,PROD0122,408,14,14,2026-04-21
INV2232,WH037,PROD0332,60,10,35,2026-04-19
INV2233,WH007,PROD0176,2493,449,423,2026-07-17
INV2234,WH008,PROD0040,539,178,137,2026-07-09
INV2235,WH006,PROD0145,715,261,51,2026-07-21
INV2236,WH030,PROD0155,188,69,12,2026-05-24
INV2237,WH030,PROD0424,1275,134,398,2026-07-25
INV2238,WH039,PROD0041,142,41,39,2026-06-02
INV2239,WH042,PROD0295,581,76,123,2026-06-24
INV2240,WH028,PROD0363,128,45,35,2026-06-11
INV2241,WH013,PROD0326,1552,557,201,2026-07-21
INV2242,WH040,PROD0460,128,13,38,2026-04-30
INV2243,WH025,PROD0186,2251,824,156,2026-07-26
INV2244,WH020,PROD0115,142,37,7,2026-06-12
INV2245,WH049,PROD0413,331,91,64,2026-06-18
INV2246,WH009,PROD0151,582,224,104,2026-06-26
INV2247,WH047,PROD0026,155,40,23,2026-07-01
INV2248,WH023,PROD0248,68,6,35,2026-05-10
INV2249,WH045,PROD0399,187,33,13,2026-06-16
INV2250,WH003,PROD0114,522,35,130,2026-07-08
INV2251,WH046,PROD0491,1399,516,422,2026-07-31
INV2252,WH010,PROD0239,347,108,43,2026-07-15
INV2253,WH012,PROD0203,89,19,9,2026-05-30
INV2254,WH027,PROD0293,13,0,5,2026-04-12
INV2255,WH040,PROD0409,328,86,57,2026-07-01
INV2256,WH018,PROD0230,88,22,15,2026-06-12
INV2257,WH049,PROD0332,92,17,31,2026-04-06
INV2258,WH031,PROD0409,184,64,75,2026-07-07
INV2259,WH011,PROD0086,120,25,15,2026-05-25
INV2260,WH026,PROD0167,110,11,35,2026-07-10
INV2261,WH037,PROD0020,190,29,8,2026-05-08
INV2262,WH005,PROD0443,175,17,24,2026-05-25
INV2263,WH048,PROD0362,93,26,25,2026-05-30
INV2264,WH042,PROD0128,227,58,81,2026-06-21
INV2265,WH048,PROD0032,543,181,86,2026-06-29
INV2266,WH037,PROD0116,169,64,17,2026-05-24
INV2267,WH026,PROD0301,119,41,65,2026-07-02
INV2268,WH043,PROD0303,56,12,27,2026-06-10
INV2269,WH030,PROD0102,73,26,37,2026-06-20
INV2270,WH031,PROD0120,383,103,73,2026-07-07
INV2271,WH014,PROD0026,56,8,19,2026-05-09
INV2272,WH010,PROD0151,587,33,149,2026-07-06
INV2273,WH024,PROD0098,192,13,34,2026-06-12
INV2274,WH003,PROD0166,28,2,30,2026-06-26
INV2275,WH021,PROD0050,129,22,92,2026-07-17
INV2276,WH032,PROD0028,701,102,64,2026-07-19
INV2277,WH042,PROD0419,791,148,68,2026-07-01
INV2278,WH038,PROD0318,260,90,77,2026-06-29
INV2279,WH015,PROD0262,19,1,36,2026-04-27
INV2280,WH016,PROD0422,197,33,27,2026-06-30
INV2281,WH047,PROD0353,89,23,21,2026-06-24
INV2282,WH008,PROD0171,609,106,139,2026-07-02
INV2283,WH026,PROD0222,69,18,16,2026-04-28
INV2284,WH018,PROD0210,351,32,32,2026-06-25
INV2285,WH005,PROD0344,181,32,39,2026-04-09
INV2286,WH028,PROD0122,630,32,13,2026-07-01
INV2287,WH005,PROD0161,142,9,67,2026-07-13
INV2288,WH043,PROD0198,2351,654,283,2026-07-21
INV2289,WH030,PROD0450,29,8,24,2026-06-08
INV2290,WH028,PROD0013,2369,753,121,2026-07-20
INV2291,WH003,PROD0041,82,28,31,2026-06-20
INV2292,WH039,PROD0077,597,139,136,2026-06-20
INV2293,WH014,PROD0020,81,7,30,2026-04-09
INV2294,WH036,PROD0268,39,8,31,2026-04-28
INV2295,WH034,PROD0419,461,173,149,2026-06-26
INV2296,WH023,PROD0322,19,7,29,2026-05-21
INV2297,WH035,PROD0389,51,5,29,2026-05-02
INV2298,WH031,PROD0487,49,16,36,2026-06-12
INV2299,WH036,PROD0058,789,163,115,2026-07-04
INV2300,WH030,PROD0108,100,5,31,2026-05-27
INV2301,WH047,PROD0371,192,24,6,2026-04-25
INV2302,WH039,PROD0228,143,39,28,2026-06-19
INV2303,WH019,PROD0312,1137,411,310,2026-07-24
INV2304,WH031,PROD0135,154,28,7,2026-05-08
INV2305,WH027,PROD0231,105,17,9,2026-04-22
INV2306,WH007,PROD0044,535,107,68,2026-06-30
INV2307,WH039,PROD0408,474,58,135,2026-06-27
INV2308,WH049,PROD0046,615,75,36,2026-06-24
INV2309,WH023,PROD0271,454,143,84,2026-07-01
INV2310,WH050,PROD0241,190,62,35,2026-05-02
INV2311,WH013,PROD0051,1850,453,353,2026-07-20
INV2312,WH011,PROD0430,116,17,11,2026-05-16
INV2313,WH010,PROD0007,36,10,14,2026-05-30
INV2314,WH024,PROD0490,84,4,26,2026-05-22
INV2315,WH022,PROD0152,704,280,34,2026-06-20
INV2316,WH043,PROD0289,160,39,40,2026-06-06
INV2317,WH041,PROD0235,342,74,96,2026-06-20
INV2318,WH007,PROD0201,64,21,5,2026-06-07
INV2319,WH016,PROD0270,1200,84,495,2026-07-21
INV2320,WH006,PROD0150,67,17,25,2026-06-12
INV2321,WH015,PROD0010,135,27,22,2026-06-19
INV2322,WH042,PROD0212,90,28,22,2026-05-11
INV2323,WH040,PROD0255,187,15,17,2026-05-18
INV2324,WH025,PROD0081,895,186,272,2026-07-29
INV2325,WH026,PROD0029,104,14,51,2026-07-14
INV2326,WH019,PROD0020,105,21,29,2026-05-04
INV2327,WH007,PROD0095,468,108,40,2026-06-29
INV2328,WH017,PROD0053,142,50,15,2026-04-29
INV2329,WH005,PROD0212,113,33,32,2026-06-27
INV2330,WH012,PROD0112,158,37,13,2026-05-01
INV2331,WH018,PROD0249,750,190,108,2026-07-20
INV2332,WH013,PROD0214,31,6,25,2026-06-15
INV2333,WH019,PROD0156,87,8,14,2026-07-01
INV2334,WH017,PROD0356,152,36,14,2026-05-31
INV2335,WH013,PROD0371,28,3,20,2026-05-04
INV2336,WH024,PROD0022,67,24,9,2026-06-18
INV2337,WH010,PROD0195,795,295,78,2026-07-15
INV2338,WH039,PROD0391,354,18,115,2026-06-26
INV2339,WH017,PROD0233,194,48,141,2026-06-20
INV2340,WH007,PROD0418,158,54,13,2026-05-23
INV2341,WH043,PROD0347,163,49,14,2026-05-25
INV2342,WH036,PROD0343,1165,453,248,2026-07-30
INV2343,WH006,PROD0144,195,44,55,2026-07-18
INV2344,WH007,PROD0160,339,27,275,2026-07-17
INV2345,WH011,PROD0162,751,267,44,2026-06-24
INV2346,WH020,PROD0160,12864,378,119,2026-07-23
INV2347,WH004,PROD0414,108,16,34,2026-06-20
INV2348,WH014,PROD0036,389,55,201,2026-07-30
INV2349,WH049,PROD0467,499,107,64,2026-07-02
INV2350,WH010,PROD0235,435,113,114,2026-06-22
INV2351,WH030,PROD0372,78,9,6,2026-06-04
INV2352,WH029,PROD0136,1357,343,416,2026-07-21
INV2353,WH034,PROD0231,10,2,19,2026-06-01
INV2354,WH026,PROD0383,729,83,66,2026-07-17
INV2355,WH020,PROD0037,11,1,29,2026-06-30
INV2356,WH029,PROD0180,69,19,9,2026-04-04
INV2357,WH032,PROD0474,506,146,60,2026-07-17
INV2358,WH002,PROD0274,164,27,30,2026-04-11
INV2359,WH007,PROD0085,92,5,19,2026-05-13
INV2360,WH002,PROD0032,387,148,86,2026-07-04
INV2361,WH039,PROD0154,153,41,29,2026-04-12
INV2362,WH038,PROD0140,140,10,21,2026-04-27
INV2363,WH026,PROD0414,37,13,6,2026-06-26
INV2364,WH030,PROD0003,594,227,327,2026-07-24
INV2365,WH031,PROD0161,687,177,146,2026-07-03
INV2366,WH003,PROD0228,145,54,11,2026-06-18
INV2367,WH007,PROD0294,190,75,32,2026-06-26
INV2368,WH002,PROD0088,680,103,237,2026-07-27
INV2369,WH023,PROD0172,706,104,84,2026-06-24
INV2370,WH043,PROD0339,631,249,68,2026-06-26
INV2371,WH024,PROD0482,962,379,217,2026-07-22
INV2372,WH044,PROD0014,316,55,123,2026-07-08
INV2373,WH049,PROD0029,418,77,109,2026-07-11
INV2374,WH023,PROD0110,194,74,29,2026-06-18
INV2375,WH042,PROD0426,2169,863,220,2026-07-30
INV2376,WH037,PROD0445,87,32,32,2026-04-05
INV2377,WH032,PROD0368,255,83,148,2026-07-10
INV2378,WH023,PROD0434,2454,405,292,2026-07-18
INV2379,WH040,PROD0079,590,143,114,2026-06-28
INV2380,WH017,PROD0360,30,7,20,2026-05-28
INV2381,WH049,PROD0247,1899,117,325,2026-07-17
INV2382,WH024,PROD0287,174,61,11,2026-05-02
INV2383,WH030,PROD0312,813,244,160,2026-07-17
INV2384,WH022,PROD0013,1910,488,457,2026-07-19
INV2385,WH024,PROD0385,369,70,80,2026-07-03
INV2386,WH035,PROD0356,162,13,33,2026-07-01
INV2387,WH041,PROD0331,93,4,28,2026-05-01
INV2388,WH039,PROD0368,343,74,62,2026-07-14
INV2389,WH007,PROD0371,148,56,30,2026-05-13
INV2390,WH010,PROD0186,1619,553,164,2026-07-22
INV2391,WH040,PROD0474,277,14,79,2026-07-19
INV2392,WH008,PROD0342,156,30,40,2026-07-02
INV2393,WH038,PROD0236,59,19,40,2026-05-30
INV2394,WH048,PROD0320,170,16,37,2026-06-22
INV2395,WH015,PROD0001,148,33,116,2026-06-17
INV2396,WH013,PROD0272,87,23,29,2026-04-20
INV2397,WH044,PROD0487,191,41,40,2026-05-12
INV2398,WH014,PROD0038,551,78,235,2026-07-21
INV2399,WH044,PROD0456,577,155,110,2026-07-07
INV2400,WH024,PROD0497,91,23,31,2026-06-24
INV2401,WH005,PROD0396,145,51,40,2026-06-15
INV2402,WH014,PROD0385,183,61,97,2026-06-27
INV2403,WH025,PROD0033,753,255,110,2026-07-08
INV2404,WH027,PROD0135,39,5,32,2026-04-16
INV2405,WH021,PROD0468,740,144,108,2026-07-18
INV2406,WH018,PROD0008,349,112,48,2026-07-08
INV2407,WH046,PROD0293,197,22,19,2026-04-09
INV2408,WH035,PROD0077,750,248,133,2026-06-27
INV2409,WH039,PROD0124,572,149,104,2026-07-06
INV2410,WH021,PROD0433,52,5,16,2026-05-23
INV2411,WH049,PROD0132,1357,314,254,2026-07-21
INV2412,WH016,PROD0411,744,150,84,2026-06-18
INV2413,WH008,PROD0039,416,52,130,2026-07-08
INV2414,WH002,PROD0310,191,30,38,2026-06-29
INV2415,WH006,PROD0431,95,16,25,2026-04-04
INV2416,WH050,PROD0328,109,25,15,2026-05-02
INV2417,WH004,PROD0088,1759,511,395,2026-07-30
INV2418,WH047,PROD0137,109,11,20,2026-05-04
INV2419,WH047,PROD0495,506,63,80,2026-07-21
INV2420,WH033,PROD0153,28,3,39,2026-07-02
INV2421,WH043,PROD0318,703,150,102,2026-06-21
INV2422,WH030,PROD0497,156,53,17,2026-04-16
INV2423,WH049,PROD0178,576,193,388,2026-07-21
INV2424,WH029,PROD0138,184,13,10,2026-06-23
INV2425,WH026,PROD0494,566,169,31,2026-07-09
INV2426,WH023,PROD0202,177,15,34,2026-05-08
INV2427,WH036,PROD0150,196,24,15,2026-06-06
INV2428,WH035,PROD0022,102,6,30,2026-06-01
INV2429,WH045,PROD0075,157,21,15,2026-04-13
INV2430,WH009,PROD0262,129,42,19,2026-06-11
INV2431,WH031,PROD0350,2436,192,368,2026-07-28
INV2432,WH015,PROD0367,2048,761,280,2026-07-19
INV2433,WH010,PROD0095,102,5,90,2026-07-14
INV2434,WH002,PROD0282,402,86,47,2026-06-18
INV2435,WH005,PROD0224,184,48,15,2026-05-01
INV2436,WH014,PROD0323,111,11,25,2026-06-24
INV2437,WH021,PROD0181,94,28,10,2026-04-06
INV2438,WH024,PROD0454,630,56,116,2026-07-23
INV2439,WH017,PROD0364,231,82,46,2026-06-25
INV2440,WH004,PROD0007,63,25,31,2026-07-01
INV2441,WH016,PROD0165,95,4,14,2026-04-10
INV2442,WH043,PROD0140,184,26,14,2026-04-12
INV2443,WH022,PROD0414,62,19,12,2026-05-08
INV2444,WH036,PROD0016,758,143,312,2026-07-20
INV2445,WH028,PROD0314,108,32,40,2026-05-03
INV2446,WH016,PROD0106,10,1,21,2026-05-16
INV2447,WH002,PROD0200,35,4,32,2026-05-13
INV2448,WH002,PROD0352,149,48,23,2026-05-26
INV2449,WH002,PROD0052,1648,137,473,2026-07-21
INV2450,WH010,PROD0298,115,5,15,2026-04-27
INV2451,WH007,PROD0061,467,157,30,2026-07-02
INV2452,WH027,PROD0316,156,47,31,2026-06-20
INV2453,WH008,PROD0169,51,5,26,2026-05-16
INV2454,WH011,PROD0069,179,29,40,2026-06-26
INV2455,WH013,PROD0234,175,27,33,2026-04-12
INV2456,WH018,PROD0379,158,35,119,2026-07-03
INV2457,WH022,PROD0383,792,52,55,2026-06-29
INV2458,WH008,PROD0469,437,146,129,2026-07-12
INV2459,WH044,PROD0223,1043,309,337,2026-07-24
INV2460,WH012,PROD0206,20,7,19,2026-06-22
INV2461,WH038,PROD0010,70,25,6,2026-05-31
INV2462,WH035,PROD0457,139,43,5,2026-04-03
INV2463,WH035,PROD0222,27,3,24,2026-06-16
INV2464,WH015,PROD0189,1645,252,454,2026-07-19
INV2465,WH039,PROD0451,285,87,35,2026-07-02
INV2466,WH021,PROD0228,136,39,10,2026-06-19
INV2467,WH038,PROD0409,661,196,58,2026-07-21
INV2468,WH030,PROD0211,46,7,33,2026-05-31
INV2469,WH007,PROD0045,109,27,5,2026-04-23
INV2470,WH023,PROD0496,643,237,103,2026-06-23
INV2471,WH049,PROD0056,456,51,114,2026-07-12
INV2472,WH013,PROD0195,634,45,106,2026-06-28
INV2473,WH013,PROD0140,127,39,32,2026-04-06
INV2474,WH037,PROD0455,142,41,19,2026-07-02
INV2475,WH018,PROD0200,37,11,12,2026-06-01
INV2476,WH049,PROD0328,132,11,13,2026-05-04
INV2477,WH026,PROD0479,149,18,146,2026-07-08
INV2478,WH048,PROD0277,142,32,27,2026-06-14
INV2479,WH040,PROD0263,1924,166,362,2026-07-21
INV2480,WH017,PROD0398,1261,237,394,2026-07-24
INV2481,WH046,PROD0466,155,7,5,2026-04-11
INV2482,WH038,PROD0146,730,236,104,2026-07-03
INV2483,WH044,PROD0462,1334,118,258,2026-07-27
INV2484,WH029,PROD0207,695,215,145,2026-07-12
INV2485,WH041,PROD0395,97,12,23,2026-04-10
INV2486,WH023,PROD0291,746,45,452,2026-07-25
INV2487,WH017,PROD0128,449,55,104,2026-06-20
INV2488,WH022,PROD0489,170,56,8,2026-05-04
INV2489,WH037,PROD0495,539,188,76,2026-06-20
INV2490,WH049,PROD0115,182,35,36,2026-05-21
INV2491,WH025,PROD0245,638,253,69,2026-07-09
INV2492,WH032,PROD0431,187,74,18,2026-06-25
INV2493,WH044,PROD0431,129,10,34,2026-05-14
INV2494,WH041,PROD0441,59,3,25,2026-04-09
INV2495,WH032,PROD0261,647,164,57,2026-06-28
INV2496,WH013,PROD0367,2352,128,264,2026-07-27
INV2497,WH027,PROD0298,160,61,26,2026-06-16
INV2498,WH050,PROD0023,196,15,16,2026-06-04
INV2499,WH009,PROD0477,184,21,30,2026-05-23
INV2500,WH021,PROD0356,181,27,26,2026-06-17
INV2501,WH017,PROD0305,519,201,196,2026-07-29
INV2502,WH031,PROD0250,176,57,67,2026-06-25
INV2503,WH003,PROD0300,1295,207,463,2026-07-26
INV2504,WH029,PROD0022,48,9,7,2026-06-27
INV2505,WH005,PROD0100,528,199,69,2026-07-06
INV2506,WH037,PROD0141,581,51,132,2026-06-27
INV2507,WH036,PROD0289,73,7,10,2026-04-12
INV2508,WH049,PROD0403,13,0,31,2026-05-22
INV2509,WH007,PROD0464,49,17,15,2026-06-13
INV2510,WH016,PROD0336,191,35,6,2026-05-17
INV2511,WH023,PROD0128,787,141,30,2026-07-06
INV2512,WH022,PROD0298,95,36,8,2026-06-16
INV2513,WH001,PROD0256,610,159,92,2026-06-18
INV2514,WH014,PROD0119,860,301,349,2026-07-25
INV2515,WH047,PROD0308,25,8,21,2026-04-07
INV2516,WH034,PROD0092,350,105,81,2026-06-28
INV2517,WH010,PROD0486,2037,232,388,2026-07-31
INV2518,WH010,PROD0032,677,258,86,2026-06-29
INV2519,WH026,PROD0054,127,34,7,2026-05-08
INV2520,WH002,PROD0470,194,55,9,2026-05-20
INV2521,WH004,PROD0107,698,96,138,2026-07-09
INV2522,WH030,PROD0224,163,60,35,2026-06-12
INV2523,WH047,PROD0038,1093,343,451,2026-07-28
INV2524,WH038,PROD0377,750,231,139,2026-07-18
INV2525,WH025,PROD0401,900,312,157,2026-07-31
INV2526,WH031,PROD0044,263,17,52,2026-06-26
INV2527,WH036,PROD0065,895,249,361,2026-07-28
INV2528,WH018,PROD0094,564,90,129,2026-07-19
INV2529,WH021,PROD0252,198,71,39,2026-04-25
INV2530,WH026,PROD0100,254,86,50,2026-06-19
INV2531,WH002,PROD0492,30,11,15,2026-05-10
INV2532,WH019,PROD0133,2003,356,460,2026-07-25
INV2533,WH027,PROD0007,155,52,31,2026-04-05
INV2534,WH017,PROD0226,49,5,21,2026-05-20
INV2535,WH030,PROD0356,74,17,35,2026-04-30
INV2536,WH045,PROD0358,165,26,22,2026-05-10
INV2537,WH050,PROD0445,23,2,32,2026-06-21
INV2538,WH033,PROD0311,126,19,14,2026-04-24
INV2539,WH004,PROD0408,713,234,47,2026-06-20
INV2540,WH026,PROD0352,194,53,9,2026-04-03
INV2541,WH008,PROD0225,127,15,30,2026-07-01
INV2542,WH042,PROD0265,2037,377,117,2026-07-26
INV2543,WH035,PROD0264,12,3,17,2026-06-23
INV2544,WH026,PROD0194,88,30,35,2026-04-20
INV2545,WH038,PROD0269,58,18,12,2026-06-10
INV2546,WH009,PROD0286,185,72,28,2026-06-02
INV2547,WH018,PROD0043,508,40,131,2026-07-21
INV2548,WH040,PROD0285,184,10,21,2026-04-22
INV2549,WH045,PROD0061,582,187,30,2026-06-20
INV2550,WH032,PROD0447,720,45,287,2026-07-29
INV2551,WH004,PROD0242,1468,189,129,2026-07-27
INV2552,WH036,PROD0297,105,19,33,2026-04-17
INV2553,WH042,PROD0467,400,113,82,2026-07-17
INV2554,WH005,PROD0047,135,9,148,2026-07-22
INV2555,WH007,PROD0255,152,46,28,2026-06-29
INV2556,WH004,PROD0077,456,113,115,2026-07-04
INV2557,WH049,PROD0477,170,49,19,2026-04-03
INV2558,WH006,PROD0007,182,66,16,2026-04-14
INV2559,WH040,PROD0405,717,198,90,2026-07-05
INV2560,WH022,PROD0328,68,17,32,2026-05-22
INV2561,WH020,PROD0131,52,9,27,2026-06-13
INV2562,WH040,PROD0391,364,25,115,2026-07-12
INV2563,WH019,PROD0058,457,93,129,2026-07-09
INV2564,WH044,PROD0436,1800,655,147,2026-07-17
INV2565,WH030,PROD0480,727,257,128,2026-07-08
INV2566,WH049,PROD0203,199,47,33,2026-05-15
INV2567,WH025,PROD0393,104,16,137,2026-06-19
INV2568,WH006,PROD0414,127,35,24,2026-04-17
INV2569,WH034,PROD0153,167,38,30,2026-04-27
INV2570,WH038,PROD0314,18,2,37,2026-06-25
INV2571,WH022,PROD0258,112,34,15,2026-05-27
INV2572,WH017,PROD0170,16,1,40,2026-05-08
INV2573,WH049,PROD0125,91,28,14,2026-05-07
INV2574,WH008,PROD0047,158,28,146,2026-06-19
INV2575,WH005,PROD0493,2488,714,228,2026-07-25
INV2576,WH040,PROD0284,181,23,25,2026-04-17
INV2577,WH016,PROD0183,690,155,82,2026-07-15
INV2578,WH043,PROD0233,303,88,113,2026-07-05
INV2579,WH001,PROD0450,20,5,14,2026-06-14
INV2580,WH010,PROD0178,2328,225,439,2026-07-17
INV2581,WH035,PROD0424,971,344,394,2026-07-23
INV2582,WH007,PROD0368,724,252,48,2026-07-18
INV2583,WH031,PROD0498,1346,321,411,2026-07-20
INV2584,WH025,PROD0003,1507,206,189,2026-07-22
INV2585,WH017,PROD0350,2243,318,192,2026-07-30
INV2586,WH012,PROD0256,444,147,98,2026-07-19
INV2587,WH010,PROD0319,1041,366,316,2026-07-24
INV2588,WH040,PROD0471,138,36,38,2026-04-10
INV2589,WH030,PROD0482,2227,328,269,2026-07-27
INV2590,WH029,PROD0389,85,12,9,2026-06-02
INV2591,WH040,PROD0475,44,17,18,2026-05-10
INV2592,WH045,PROD0169,164,48,32,2026-06-09
INV2593,WH005,PROD0358,158,28,18,2026-05-31
INV2594,WH008,PROD0079,385,57,137,2026-06-19
INV2595,WH039,PROD0125,118,10,27,2026-05-11
INV2596,WH024,PROD0210,667,65,132,2026-06-27
INV2597,WH016,PROD0445,25,7,34,2026-06-29
INV2598,WH017,PROD0266,17,1,25,2026-06-03
INV2599,WH046,PROD0067,125,17,24,2026-06-02
INV2600,WH044,PROD0091,2315,451,134,2026-07-23
INV2601,WH019,PROD0153,126,14,27,2026-05-10
INV2602,WH007,PROD0067,170,40,9,2026-06-06
INV2603,WH035,PROD0434,1061,234,385,2026-07-17
INV2604,WH004,PROD0464,111,17,31,2026-06-23
INV2605,WH023,PROD0319,2391,455,269,2026-07-23
INV2606,WH028,PROD0167,403,151,40,2026-06-19
INV2607,WH036,PROD0349,2439,241,190,2026-07-26
INV2608,WH043,PROD0268,190,38,39,2026-05-15
INV2609,WH021,PROD0428,728,186,64,2026-06-28
INV2610,WH034,PROD0390,89,20,16,2026-04-25
INV2611,WH045,PROD0431,146,52,23,2026-05-06
INV2612,WH003,PROD0125,30,3,19,2026-04-07
INV2613,WH036,PROD0444,571,70,41,2026-07-12
INV2614,WH002,PROD0107,542,126,150,2026-06-28
INV2615,WH009,PROD0404,123,22,35,2026-04-24
INV2616,WH035,PROD0360,179,38,26,2026-06-09
INV2617,WH048,PROD0194,17,0,20,2026-06-13
INV2618,WH031,PROD0230,153,31,19,2026-05-29
INV2619,WH048,PROD0004,516,66,53,2026-06-18
INV2620,WH041,PROD0325,98,13,28,2026-05-02
INV2621,WH012,PROD0099,176,39,13,2026-05-06
INV2622,WH003,PROD0029,360,60,72,2026-07-09
INV2623,WH038,PROD0241,65,20,8,2026-06-16
INV2624,WH041,PROD0343,818,139,187,2026-07-23
INV2625,WH002,PROD0160,968,307,230,2026-07-31
INV2626,WH022,PROD0176,1683,325,248,2026-07-17
INV2627,WH045,PROD0351,1213,251,396,2026-07-19
INV2628,WH030,PROD0333,19,1,23,2026-06-19
INV2629,WH005,PROD0185,159,51,31,2026-04-12
INV2630,WH042,PROD0236,69,23,38,2026-05-13
INV2631,WH022,PROD0195,723,280,31,2026-07-03
INV2632,WH017,PROD0383,787,244,85,2026-06-21
INV2633,WH046,PROD0092,738,286,138,2026-07-18
INV2634,WH035,PROD0309,1652,351,280,2026-07-23
INV2635,WH043,PROD0435,533,71,144,2026-07-12
INV2636,WH021,PROD0299,707,272,116,2026-07-05
INV2637,WH003,PROD0250,522,134,33,2026-06-17
INV2638,WH046,PROD0025,1223,280,225,2026-07-22
INV2639,WH016,PROD0370,616,217,93,2026-07-17
INV2640,WH035,PROD0115,73,17,27,2026-05-09
INV2641,WH036,PROD0397,29,8,7,2026-04-24
INV2642,WH024,PROD0420,65,9,18,2026-05-05
INV2643,WH021,PROD0207,569,155,32,2026-07-14
INV2644,WH050,PROD0236,28,4,25,2026-05-15
INV2645,WH040,PROD0189,2195,556,456,2026-07-17
INV2646,WH023,PROD0492,136,23,26,2026-04-21
INV2647,WH024,PROD0014,450,130,71,2026-07-07
INV2648,WH037,PROD0364,746,67,40,2026-06-24
INV2649,WH019,PROD0460,29,7,40,2026-06-04
INV2650,WH045,PROD0161,234,23,124,2026-06-29
INV2651,WH030,PROD0458,181,70,38,2026-04-11
INV2652,WH049,PROD0039,503,42,113,2026-07-02
INV2653,WH041,PROD0364,289,98,41,2026-07-03
INV2654,WH019,PROD0364,402,28,70,2026-07-13
INV2655,WH031,PROD0323,108,13,21,2026-05-04
INV2656,WH050,PROD0281,244,28,68,2026-07-19
INV2657,WH044,PROD0440,1291,488,188,2026-07-20
INV2658,WH048,PROD0146,392,99,31,2026-07-11
INV2659,WH028,PROD0120,396,99,112,2026-07-21
INV2660,WH046,PROD0046,664,117,145,2026-07-20
INV2661,WH011,PROD0182,589,149,103,2026-07-02
INV2662,WH002,PROD0145,589,47,107,2026-07-06
INV2663,WH042,PROD0122,49,9,25,2026-05-25
INV2664,WH039,PROD0045,39,12,18,2026-05-25
INV2665,WH015,PROD0135,138,10,28,2026-05-03
INV2666,WH050,PROD0352,169,18,32,2026-04-05
INV2667,WH035,PROD0213,32,4,16,2026-04-30
INV2668,WH008,PROD0394,39,12,14,2026-06-29
INV2669,WH045,PROD0363,62,24,37,2026-06-22
INV2670,WH019,PROD0304,88,9,40,2026-06-28
INV2671,WH036,PROD0280,175,44,38,2026-06-24
INV2672,WH020,PROD0415,102,9,15,2026-06-08
INV2673,WH044,PROD0295,704,73,34,2026-06-20
INV2674,WH013,PROD0165,110,13,40,2026-04-04
INV2675,WH010,PROD0120,541,119,142,2026-06-27
INV2676,WH046,PROD0451,170,13,146,2026-06-22
INV2677,WH014,PROD0354,677,244,416,2026-07-30
INV2678,WH031,PROD0149,19,1,25,2026-06-29
INV2679,WH011,PROD0012,73,18,22,2026-05-30
INV2680,WH032,PROD0040,362,78,144,2026-06-19
INV2681,WH004,PROD0424,2331,729,332,2026-07-26
INV2682,WH046,PROD0441,177,22,34,2026-06-13
INV2683,WH049,PROD0383,313,18,45,2026-06-27
INV2684,WH032,PROD0492,174,14,37,2026-06-23
INV2685,WH043,PROD0382,24,7,25,2026-04-05
INV2686,WH002,PROD0489,58,4,29,2026-06-06
INV2687,WH030,PROD0012,13,3,27,2026-04-17
INV2688,WH039,PROD0442,506,177,80,2026-07-07
INV2689,WH050,PROD0127,65,3,34,2026-06-25
INV2690,WH044,PROD0163,143,36,5,2026-06-29
INV2691,WH005,PROD0141,771,152,36,2026-06-17
INV2692,WH014,PROD0153,65,10,6,2026-05-12
INV2693,WH032,PROD0151,392,114,142,2026-06-18
INV2694,WH040,PROD0449,176,37,15,2026-06-01
INV2695,WH001,PROD0431,157,15,36,2026-06-09
INV2696,WH035,PROD0430,187,33,14,2026-04-06
INV2697,WH048,PROD0141,464,57,70,2026-07-15
INV2698,WH037,PROD0489,117,43,6,2026-06-05
INV2699,WH011,PROD0399,70,16,32,2026-04-30
INV2700,WH036,PROD0364,600,214,55,2026-06-27
INV2701,WH013,PROD0075,71,4,39,2026-06-30
INV2702,WH027,PROD0131,122,19,28,2026-04-27
INV2703,WH018,PROD0265,2064,784,477,2026-07-24
INV2704,WH026,PROD0119,2311,220,492,2026-07-30
INV2705,WH007,PROD0235,440,110,74,2026-07-12
INV2706,WH003,PROD0063,1365,212,283,2026-07-23
INV2707,WH050,PROD0138,74,15,10,2026-05-16
INV2708,WH046,PROD0160,1177,426,459,2026-07-25
INV2709,WH035,PROD0196,221,40,43,2026-07-03
INV2710,WH013,PROD0450,106,24,9,2026-06-21
INV2711,WH048,PROD0384,390,66,500,2026-07-26
INV2712,WH018,PROD0195,459,51,146,2026-07-06
INV2713,WH016,PROD0195,618,230,126,2026-07-06
INV2714,WH015,PROD0256,562,186,41,2026-07-05
INV2715,WH044,PROD0140,171,67,25,2026-05-28
INV2716,WH023,PROD0346,115,6,32,2026-06-29
INV2717,WH006,PROD0048,163,64,31,2026-04-11
INV2718,WH015,PROD0496,635,233,78,2026-06-22
INV2719,WH045,PROD0051,2122,702,480,2026-07-18
INV2720,WH034,PROD0119,2491,809,288,2026-07-21
INV2721,WH038,PROD0167,795,45,110,2026-06-24
INV2722,WH002,PROD0400,193,55,10,2026-05-11
INV2723,WH003,PROD0279,39,7,9,2026-06-08
INV2724,WH049,PROD0397,14,4,20,2026-05-28
INV2725,WH036,PROD0140,58,3,35,2026-05-04
INV2726,WH012,PROD0415,134,33,26,2026-04-09
INV2727,WH008,PROD0157,56,8,27,2026-05-31
INV2728,WH028,PROD0295,437,149,67,2026-07-14
INV2729,WH049,PROD0357,587,202,137,2026-06-30
INV2730,WH022,PROD0087,138,12,5,2026-07-01
INV2731,WH048,PROD0456,168,20,112,2026-06-24
INV2732,WH038,PROD0340,82,9,25,2026-04-19
INV2733,WH008,PROD0418,114,14,18,2026-04-23
INV2734,WH018,PROD0466,197,43,37,2026-04-16
INV2735,WH044,PROD0437,21,4,8,2026-06-21
INV2736,WH007,PROD0065,1462,245,425,2026-07-21
INV2737,WH005,PROD0378,1280,185,120,2026-07-18
INV2738,WH037,PROD0155,153,45,23,2026-06-21
INV2739,WH012,PROD0321,1304,225,260,2026-07-20
INV2740,WH035,PROD0104,173,18,18,2026-05-02
INV2741,WH031,PROD0366,101,22,30,2026-04-09
INV2742,WH008,PROD0338,63,12,8,2026-06-15
INV2743,WH018,PROD0327,567,47,121,2026-06-22
INV2744,WH034,PROD0287,43,15,9,2026-04-26
INV2745,WH003,PROD0346,143,53,22,2026-06-23
INV2746,WH032,PROD0373,157,62,12,2026-06-18
INV2747,WH020,PROD0478,112,20,21,2026-05-31
INV2748,WH033,PROD0124,161,28,127,2026-06-23
INV2749,WH047,PROD0393,409,50,141,2026-06-21
INV2750,WH050,PROD0344,142,45,39,2026-04-10
INV2751,WH012,PROD0124,608,236,122,2026-06-22
INV2752,WH047,PROD0254,127,27,5,2026-06-25
INV2753,WH008,PROD0324,902,99,274,2026-07-28
INV2754,WH011,PROD0045,176,42,40,2026-06-29
INV2755,WH011,PROD0208,2278,162,392,2026-07-22
INV2756,WH026,PROD0211,196,46,6,2026-06-14
INV2757,WH047,PROD0432,308,104,100,2026-07-09
INV2758,WH024,PROD0236,26,4,31,2026-05-24
INV2759,WH034,PROD0069,37,4,5,2026-07-01
INV2760,WH031,PROD0005,386,128,328,2026-07-31
INV2761,WH050,PROD0032,640,200,110,2026-06-20
INV2762,WH046,PROD0361,545,58,126,2026-07-08
INV2763,WH049,PROD0362,18,2,37,2026-06-02
INV2764,WH010,PROD0345,187,56,32,2026-05-01
INV2765,WH027,PROD0479,800,137,52,2026-06-26
INV2766,WH019,PROD0345,78,12,26,2026-05-13
INV2767,WH031,PROD0203,102,32,22,2026-06-21
INV2768,WH033,PROD0053,124,26,22,2026-04-30
INV2769,WH003,PROD0100,414,130,72,2026-07-14
INV2770,WH028,PROD0500,55,21,30,2026-04-15
INV2771,WH014,PROD0065,1893,264,439,2026-07-17
INV2772,WH024,PROD0488,123,6,19,2026-06-02
INV2773,WH049,PROD0017,128,39,21,2026-06-27
INV2774,WH006,PROD0222,141,38,26,2026-06-14
INV2775,WH026,PROD0382,132,12,28,2026-06-17
INV2776,WH013,PROD0247,401,132,131,2026-07-20
INV2777,WH014,PROD0205,517,60,106,2026-07-09
INV2778,WH015,PROD0112,76,17,13,2026-06-13
INV2779,WH026,PROD0082,2428,240,218,2026-07-24
INV2780,WH015,PROD0255,182,30,16,2026-06-09
INV2781,WH007,PROD0019,338,101,133,2026-07-08
INV2782,WH047,PROD0358,192,46,8,2026-07-02
INV2783,WH010,PROD0336,63,7,21,2026-06-28
INV2784,WH018,PROD0102,58,16,19,2026-06-07
INV2785,WH035,PROD0455,141,20,18,2026-04-25
INV2786,WH050,PROD0496,184,50,46,2026-06-29
INV2787,WH041,PROD0473,13,1,22,2026-05-04
INV2788,WH034,PROD0411,757,237,110,2026-06-29
INV2789,WH008,PROD0245,531,126,103,2026-06-28
INV2790,WH042,PROD0322,108,37,23,2026-05-16
INV2791,WH045,PROD0074,34,9,28,2026-05-01
INV2792,WH015,PROD0238,168,25,15,2026-05-08
INV2793,WH046,PROD0075,171,47,33,2026-06-07
INV2794,WH039,PROD0220,2439,648,371,2026-07-26
INV2795,WH009,PROD0270,1174,293,425,2026-07-19
INV2796,WH030,PROD0315,165,47,34,2026-04-07
INV2797,WH044,PROD0109,182,10,118,2026-06-29
INV2798,WH039,PROD0262,105,34,31,2026-05-19
INV2799,WH044,PROD0351,422,22,165,2026-07-26
INV2800,WH048,PROD0333,144,41,30,2026-04-12
INV2801,WH042,PROD0235,328,64,68,2026-06-21
INV2802,WH020,PROD0425,155,21,39,2026-05-09
INV2803,WH023,PROD0371,167,21,10,2026-07-02
INV2804,WH020,PROD0076,130,13,29,2026-06-11
INV2805,WH037,PROD0389,112,22,20,2026-04-07
INV2806,WH044,PROD0213,68,11,21,2026-04-15
INV2807,WH001,PROD0103,669,108,102,2026-06-30
INV2808,WH027,PROD0186,2083,580,498,2026-07-21
INV2809,WH031,PROD0030,625,38,92,2026-07-09
INV2810,WH006,PROD0009,899,342,476,2026-07-19
INV2811,WH025,PROD0344,106,32,19,2026-04-06
INV2812,WH048,PROD0200,178,53,34,2026-06-06
INV2813,WH011,PROD0485,196,72,18,2026-05-27
INV2814,WH037,PROD0110,163,46,9,2026-05-09
INV2815,WH007,PROD0298,41,2,7,2026-04-16
INV2816,WH028,PROD0203,194,23,6,2026-05-07
INV2817,WH010,PROD0212,89,28,24,2026-05-06
INV2818,WH037,PROD0322,186,39,17,2026-04-08
INV2819,WH024,PROD0323,81,32,10,2026-05-02
INV2820,WH040,PROD0344,15,1,17,2026-04-30
INV2821,WH050,PROD0363,178,68,28,2026-04-12
INV2822,WH019,PROD0180,135,26,20,2026-05-29
INV2823,WH032,PROD0406,64,13,19,2026-04-24
INV2824,WH004,PROD0382,192,43,25,2026-06-16
INV2825,WH043,PROD0170,109,40,32,2026-05-19
INV2826,WH035,PROD0410,1540,315,478,2026-07-24
INV2827,WH049,PROD0277,138,20,20,2026-05-07
INV2828,WH023,PROD0023,165,26,30,2026-04-28
INV2829,WH003,PROD0203,50,5,25,2026-06-25
INV2830,WH037,PROD0331,161,30,29,2026-05-28
INV2831,WH041,PROD0085,77,24,19,2026-05-25
INV2832,WH017,PROD0271,515,57,106,2026-07-01
INV2833,WH023,PROD0200,18,3,20,2026-04-29
INV2834,WH035,PROD0024,63,12,26,2026-05-24
INV2835,WH028,PROD0001,406,50,105,2026-07-19
INV2836,WH029,PROD0142,127,11,32,2026-04-19
INV2837,WH006,PROD0219,30,2,16,2026-06-10
INV2838,WH049,PROD0122,196,31,30,2026-04-04
INV2839,WH027,PROD0364,614,167,121,2026-07-18
INV2840,WH003,PROD0022,87,20,12,2026-05-23
INV2841,WH014,PROD0191,43,12,39,2026-05-10
INV2842,WH001,PROD0052,4860,194,363,2026-07-26
INV2843,WH011,PROD0301,446,52,130,2026-06-22
INV2844,WH007,PROD0449,17,5,9,2026-06-09
INV2845,WH030,PROD0049,654,160,41,2026-06-29
INV2846,WH042,PROD0414,33,8,23,2026-04-16
INV2847,WH013,PROD0468,510,31,110,2026-06-29
INV2848,WH008,PROD0295,197,67,115,2026-07-08
INV2849,WH035,PROD0225,183,60,94,2026-06-25
INV2850,WH031,PROD0004,649,171,31,2026-07-03
INV2851,WH011,PROD0385,671,37,146,2026-06-29
INV2852,WH045,PROD0052,2030,785,142,2026-07-29
INV2853,WH009,PROD0039,299,32,65,2026-06-30
INV2854,WH037,PROD0447,1386,94,121,2026-07-21
INV2855,WH014,PROD0245,792,177,39,2026-06-22
INV2856,WH023,PROD0198,932,129,466,2026-07-24
INV2857,WH026,PROD0055,579,210,453,2026-07-17
INV2858,WH027,PROD0404,199,55,13,2026-06-28
INV2859,WH025,PROD0304,104,16,9,2026-05-09
INV2860,WH011,PROD0057,40,2,40,2026-05-08
INV2861,WH035,PROD0042,224,78,115,2026-07-14
INV2862,WH044,PROD0315,165,11,19,2026-06-07
INV2863,WH038,PROD0448,620,157,128,2026-06-21
INV2864,WH004,PROD0220,917,299,213,2026-07-30
INV2865,WH022,PROD0308,120,34,40,2026-04-09
INV2866,WH007,PROD0434,382,70,398,2026-07-20
INV2867,WH049,PROD0208,498,30,247,2026-07-26
INV2868,WH005,PROD0073,22,1,18,2026-05-09
INV2869,WH018,PROD0398,722,176,452,2026-07-17
INV2870,WH027,PROD0430,20,1,39,2026-04-04
INV2871,WH007,PROD0132,456,156,496,2026-07-23
INV2872,WH037,PROD0167,369,22,65,2026-06-30
INV2873,WH038,PROD0349,1661,323,356,2026-07-31
INV2874,WH030,PROD0135,97,25,30,2026-05-08
INV2875,WH040,PROD0327,659,164,147,2026-06-30
INV2876,WH017,PROD0073,165,25,22,2026-06-22
INV2877,WH043,PROD0009,1489,311,417,2026-07-26
INV2878,WH028,PROD0092,423,121,138,2026-07-10
INV2879,WH019,PROD0233,515,134,126,2026-06-28
INV2880,WH023,PROD0100,145,54,42,2026-06-27
INV2881,WH032,PROD0072,144,30,30,2026-06-17
INV2882,WH034,PROD0164,159,61,5,2026-06-15
INV2883,WH025,PROD0067,165,13,33,2026-05-14
INV2884,WH025,PROD0071,1934,616,322,2026-07-31
INV2885,WH034,PROD0066,1406,340,304,2026-07-17
INV2886,WH044,PROD0212,133,25,7,2026-06-17
INV2887,WH032,PROD0382,135,14,23,2026-06-27
INV2888,WH032,PROD0488,43,12,18,2026-06-21
INV2889,WH010,PROD0141,283,29,55,2026-07-01
INV2890,WH025,PROD0426,438,71,100,2026-07-23
INV2891,WH040,PROD0159,163,33,29,2026-06-24
INV2892,WH004,PROD0174,915,161,104,2026-07-21
INV2893,WH015,PROD0170,60,18,10,2026-06-08
INV2894,WH024,PROD0471,115,30,6,2026-05-21
INV2895,WH015,PROD0148,179,18,14,2026-06-01
INV2896,WH046,PROD0064,106,38,107,2026-07-17
INV2897,WH038,PROD0139,76,24,19,2026-06-19
INV2898,WH045,PROD0329,29,9,22,2026-06-29
INV2899,WH032,PROD0263,1211,444,235,2026-07-20
INV2900,WH044,PROD0432,750,192,89,2026-06-22
INV2901,WH045,PROD0448,411,34,35,2026-07-13
INV2902,WH034,PROD0076,68,15,10,2026-06-05
INV2903,WH048,PROD0265,630,175,357,2026-07-30
INV2904,WH044,PROD0291,1868,296,177,2026-07-18
INV2905,WH023,PROD0238,142,40,32,2026-06-05
INV2906,WH031,PROD0232,82,16,27,2026-06-16
INV2907,WH020,PROD0258,143,16,39,2026-06-14
INV2908,WH032,PROD0422,170,26,14,2026-05-23
INV2909,WH009,PROD0328,92,8,17,2026-05-22
INV2910,WH034,PROD0348,1064,176,383,2026-07-31
INV2911,WH017,PROD0173,103,31,19,2026-04-23
INV2912,WH001,PROD0135,122,24,30,2026-05-03
INV2913,WH046,PROD0023,146,35,13,2026-04-24
INV2914,WH045,PROD0424,2350,712,328,2026-07-30
INV2915,WH041,PROD0242,1583,458,206,2026-07-30
INV2916,WH046,PROD0467,499,130,101,2026-06-29
INV2917,WH050,PROD0385,239,19,80,2026-07-14
INV2918,WH031,PROD0431,85,27,10,2026-05-31
INV2919,WH001,PROD0326,798,148,107,2026-07-19
INV2920,WH019,PROD0183,245,92,105,2026-06-28
INV2921,WH030,PROD0160,1410,104,204,2026-07-28
INV2922,WH031,PROD0050,225,29,117,2026-06-29
INV2923,WH018,PROD0403,158,42,33,2026-06-11
INV2924,WH006,PROD0013,487,159,482,2026-07-28
INV2925,WH019,PROD0155,163,50,36,2026-05-17
INV2926,WH023,PROD0417,151,11,31,2026-04-13
INV2927,WH033,PROD0048,131,9,37,2026-05-12
INV2928,WH009,PROD0060,103,27,14,2026-04-30
INV2929,WH028,PROD0471,66,14,37,2026-06-16
INV2930,WH003,PROD0488,63,6,18,2026-06-17
INV2931,WH039,PROD0165,77,28,40,2026-06-27
INV2932,WH019,PROD0231,62,18,12,2026-05-24
INV2933,WH034,PROD0112,111,17,40,2026-05-04
INV2934,WH032,PROD0131,11,1,34,2026-06-30
INV2935,WH049,PROD0181,112,31,5,2026-07-02
INV2936,WH046,PROD0072,51,4,40,2026-06-13
INV2937,WH044,PROD0331,147,37,13,2026-06-17
INV2938,WH035,PROD0085,133,42,40,2026-05-30
INV2939,WH014,PROD0307,310,113,55,2026-07-22
INV2940,WH024,PROD0330,160,17,32,2026-04-21
INV2941,WH026,PROD0206,178,64,30,2026-06-28
INV2942,WH015,PROD0049,286,79,55,2026-07-06
INV2943,WH022,PROD0267,196,70,22,2026-04-19
INV2944,WH008,PROD0495,633,249,114,2026-07-03
INV2945,WH023,PROD0051,930,85,233,2026-07-29
INV2946,WH048,PROD0121,2215,179,385,2026-07-21
INV2947,WH002,PROD0158,1223,329,292,2026-07-27
INV2948,WH006,PROD0353,115,19,26,2026-04-19
INV2949,WH036,PROD0413,740,185,120,2026-06-29
INV2950,WH005,PROD0319,1310,411,355,2026-07-22
INV2951,WH014,PROD0391,519,87,54,2026-06-27
INV2952,WH032,PROD0205,572,127,84,2026-06-19
INV2953,WH024,PROD0404,153,18,32,2026-06-23
INV2954,WH006,PROD0249,363,92,106,2026-07-18
INV2955,WH036,PROD0013,1519,494,191,2026-07-25
INV2956,WH013,PROD0103,722,207,107,2026-07-22
INV2957,WH026,PROD0059,472,29,140,2026-07-21
INV2958,WH015,PROD0313,1248,48,72,2026-07-03
INV2959,WH012,PROD0384,1114,250,311,2026-07-27
INV2960,WH038,PROD0310,13,4,10,2026-07-02
INV2961,WH025,PROD0398,1324,346,335,2026-07-20
INV2962,WH041,PROD0410,666,145,275,2026-07-17
INV2963,WH002,PROD0196,565,119,108,2026-06-28
INV2964,WH029,PROD0093,19,1,30,2026-06-17
INV2965,WH013,PROD0235,285,36,85,2026-07-03
INV2966,WH024,PROD0261,496,195,102,2026-06-24
INV2967,WH024,PROD0318,580,102,43,2026-06-29
INV2968,WH040,PROD0101,260,55,128,2026-06-21
INV2969,WH044,PROD0172,415,141,116,2026-07-16
INV2970,WH032,PROD0106,170,8,16,2026-05-11
INV2971,WH028,PROD0261,448,108,82,2026-06-20
INV2972,WH042,PROD0352,150,9,31,2026-06-24
INV2973,WH022,PROD0345,164,62,35,2026-06-07
INV2974,WH031,PROD0442,705,269,67,2026-07-09
INV2975,WH027,PROD0141,378,25,143,2026-06-21
INV2976,WH010,PROD0251,505,141,137,2026-06-21
INV2977,WH049,PROD0448,459,152,106,2026-06-27
INV2978,WH048,PROD0172,630,116,86,2026-06-28
INV2979,WH038,PROD0325,77,13,33,2026-06-22
INV2980,WH048,PROD0123,80,28,33,2026-05-31
INV2981,WH009,PROD0130,16,3,28,2026-06-02
INV2982,WH042,PROD0003,1417,441,447,2026-07-18
INV2983,WH021,PROD0450,68,24,21,2026-05-21
INV2984,WH023,PROD0144,667,213,140,2026-07-20
INV2985,WH001,PROD0192,68,8,39,2026-06-05
INV2986,WH026,PROD0298,58,5,16,2026-04-16
INV2987,WH025,PROD0156,199,58,38,2026-06-27
INV2988,WH050,PROD0015,131,16,19,2026-05-05
INV2989,WH018,PROD0045,100,12,5,2026-05-14
INV2990,WH046,PROD0132,420,27,260,2026-07-30
INV2991,WH010,PROD0209,469,166,96,2026-07-08
INV2992,WH038,PROD0222,62,23,17,2026-05-26
INV2993,WH042,PROD0219,78,24,30,2026-05-08
INV2994,WH009,PROD0463,134,35,17,2026-04-20
INV2995,WH022,PROD0305,900,268,500,2026-07-31
INV2996,WH019,PROD0419,171,9,36,2026-07-17
INV2997,WH031,PROD0412,146,51,12,2026-04-06
INV2998,WH026,PROD0154,142,50,21,2026-04-18
INV2999,WH041,PROD0241,61,24,38,2026-06-07
INV3000,WH002,PROD0219,32,4,21,2026-05-31
INV3001,WH042,PROD0191,79,20,35,2026-04-26
INV3002,WH002,PROD0485,98,5,16,2026-05-11
INV3003,WH002,PROD0372,113,18,38,2026-05-03
INV3004,WH004,PROD0247,648,239,425,2026-07-18
INV3005,WH008,PROD0483,955,127,407,2026-07-29
INV3006,WH007,PROD0442,323,30,102,2026-07-15
INV3007,WH017,PROD0187,2433,208,252,2026-07-21
INV3008,WH014,PROD0466,73,27,36,2026-05-11
INV3009,WH022,PROD0470,187,41,37,2026-07-01
INV3010,WH003,PROD0322,113,40,28,2026-06-17
INV3011,WH018,PROD0021,136,31,7,2026-05-05
INV3012,WH020,PROD0226,145,56,22,2026-04-28
INV3013,WH015,PROD0131,142,17,27,2026-05-04
INV3014,WH022,PROD0338,82,29,5,2026-05-26
INV3015,WH033,PROD0030,729,66,31,2026-07-10
INV3016,WH043,PROD0403,109,33,21,2026-06-01
INV3017,WH034,PROD0167,739,282,94,2026-07-05
INV3018,WH003,PROD0283,153,19,25,2026-04-18
INV3019,WH012,PROD0498,437,157,336,2026-07-21
INV3020,WH046,PROD0423,1701,453,179,2026-07-25
INV3021,WH008,PROD0381,470,160,50,2026-07-09
INV3022,WH009,PROD0311,163,19,30,2026-05-15
INV3023,WH039,PROD0422,52,18,20,2026-05-18
INV3024,WH017,PROD0497,10,2,20,2026-06-29
INV3025,WH008,PROD0412,100,33,22,2026-06-25
INV3026,WH014,PROD0474,267,26,33,2026-07-15
INV3027,WH014,PROD0048,152,8,25,2026-07-02
INV3028,WH006,PROD0341,644,203,47,2026-07-20
INV3029,WH025,PROD0478,142,22,13,2026-06-25
INV3030,WH045,PROD0017,155,57,20,2026-06-25
INV3031,WH034,PROD0148,191,70,33,2026-06-05
INV3032,WH049,PROD0423,2288,823,407,2026-07-24
INV3033,WH034,PROD0482,915,275,238,2026-07-18
INV3034,WH021,PROD0122,144,50,11,2026-05-16
INV3035,WH032,PROD0075,183,64,17,2026-04-28
INV3036,WH018,PROD0437,43,9,27,2026-06-20
INV3037,WH042,PROD0240,528,171,129,2026-06-19
INV3038,WH006,PROD0173,96,6,7,2026-06-01
INV3039,WH037,PROD0217,735,104,72,2026-07-03
INV3040,WH044,PROD0410,1686,502,107,2026-07-18
INV3041,WH036,PROD0145,699,251,124,2026-07-15
INV3042,WH048,PROD0016,2390,666,392,2026-07-29
INV3043,WH046,PROD0149,20,1,20,2026-05-21
INV3044,WH027,PROD0305,1779,308,277,2026-07-19
INV3045,WH050,PROD0479,315,71,77,2026-07-01
INV3046,WH004,PROD0260,192,19,13,2026-04-09
INV3047,WH022,PROD0154,124,27,33,2026-04-13
INV3048,WH012,PROD0190,390,36,142,2026-07-15
INV3049,WH010,PROD0436,1481,495,477,2026-07-22
INV3050,WH039,PROD0241,167,37,7,2026-06-30
INV3051,WH022,PROD0458,103,35,23,2026-04-23
INV3052,WH048,PROD0214,128,25,21,2026-06-19
INV3053,WH044,PROD0289,97,33,31,2026-04-09
INV3054,WH022,PROD0187,1205,72,275,2026-07-17
INV3055,WH029,PROD0221,557,101,63,2026-07-21
INV3056,WH010,PROD0467,256,73,92,2026-07-13
INV3057,WH013,PROD0413,164,55,150,2026-07-04
INV3058,WH045,PROD0322,61,13,22,2026-06-19
INV3059,WH004,PROD0029,447,74,66,2026-06-29
INV3060,WH019,PROD0181,101,37,26,2026-05-17
INV3061,WH008,PROD0218,152,27,18,2026-06-06
INV3062,WH043,PROD0248,189,43,31,2026-05-10
INV3063,WH040,PROD0183,107,6,68,2026-07-17
INV3064,WH046,PROD0027,400,86,55,2026-07-17
INV3065,WH022,PROD0349,2231,709,386,2026-07-26
INV3066,WH046,PROD0297,126,23,19,2026-06-04
INV3067,WH040,PROD0350,1293,372,135,2026-07-21
INV3068,WH037,PROD0490,142,24,37,2026-04-24
INV3069,WH006,PROD0018,477,56,77,2026-06-17
INV3070,WH007,PROD0190,309,32,52,2026-07-20
INV3071,WH003,PROD0313,294,87,117,2026-07-07
INV3072,WH028,PROD0125,137,50,7,2026-06-09
INV3073,WH016,PROD0279,153,16,33,2026-04-27
INV3074,WH005,PROD0287,146,22,18,2026-04-26
INV3075,WH029,PROD0267,35,7,31,2026-05-06
INV3076,WH018,PROD0451,238,57,124,2026-07-22
INV3077,WH012,PROD0151,290,58,125,2026-06-27
INV3078,WH010,PROD0373,115,39,24,2026-05-28
INV3079,WH042,PROD0287,59,15,15,2026-04-30
INV3080,WH016,PROD0227,1640,474,365,2026-07-30
INV3081,WH029,PROD0423,1538,381,239,2026-07-22
INV3082,WH034,PROD0229,779,293,41,2026-07-03
INV3083,WH040,PROD0112,155,12,26,2026-06-01
INV3084,WH028,PROD0207,418,49,113,2026-07-13
INV3085,WH010,PROD0321,1851,99,398,2026-07-19
INV3086,WH037,PROD0413,484,90,64,2026-06-28
INV3087,WH034,PROD0033,224,25,114,2026-06-18
INV3088,WH010,PROD0125,180,33,13,2026-05-29
INV3089,WH012,PROD0463,23,2,19,2026-05-04
INV3090,WH018,PROD0028,496,60,116,2026-07-18
INV3091,WH020,PROD0362,143,32,25,2026-04-30
INV3092,WH017,PROD0404,94,17,25,2026-04-19
INV3093,WH021,PROD0346,125,42,30,2026-04-10
INV3094,WH024,PROD0423,13110,538,357,2026-07-25
INV3095,WH022,PROD0035,198,54,13,2026-05-13
INV3096,WH028,PROD0134,173,24,21,2026-04-16
INV3097,WH015,PROD0085,129,25,7,2026-05-16
INV3098,WH013,PROD0452,74,4,21,2026-06-10
INV3099,WH033,PROD0221,553,166,62,2026-06-23
INV3100,WH009,PROD0026,73,19,25,2026-06-22
INV3101,WH034,PROD0178,388,70,274,2026-07-25
INV3102,WH015,PROD0163,150,36,25,2026-06-26
INV3103,WH012,PROD0427,57,20,37,2026-05-03
INV3104,WH014,PROD0096,2306,673,443,2026-07-22
INV3105,WH018,PROD0066,1148,95,204,2026-07-23
INV3106,WH048,PROD0410,2370,729,415,2026-07-30
INV3107,WH003,PROD0187,918,72,164,2026-07-22
INV3108,WH030,PROD0461,177,60,23,2026-04-19
INV3109,WH002,PROD0171,235,69,90,2026-07-21
INV3110,WH040,PROD0220,691,104,157,2026-07-19
INV3111,WH033,PROD0421,298,113,35,2026-07-03
INV3112,WH031,PROD0246,475,30,45,2026-07-08
INV3113,WH039,PROD0385,256,22,144,2026-07-14
INV3114,WH022,PROD0412,61,9,34,2026-06-18
INV3115,WH010,PROD0023,82,21,20,2026-06-22
INV3116,WH016,PROD0410,656,130,191,2026-07-25
INV3117,WH003,PROD0090,1207,96,203,2026-07-25
INV3118,WH023,PROD0174,2389,757,111,2026-07-25
INV3119,WH021,PROD0170,96,20,14,2026-05-10
INV3120,WH004,PROD0346,71,25,30,2026-04-13
INV3121,WH010,PROD0233,421,22,44,2026-07-22
INV3122,WH048,PROD0433,185,40,32,2026-04-23
INV3123,WH001,PROD0164,128,49,9,2026-06-23
INV3124,WH034,PROD0047,492,164,88,2026-07-10
INV3125,WH024,PROD0410,1068,139,394,2026-07-19
INV3126,WH015,PROD0009,1817,270,239,2026-07-23
INV3127,WH021,PROD0496,183,30,141,2026-06-26
INV3128,WH029,PROD0298,85,29,17,2026-06-14
INV3129,WH015,PROD0017,47,8,22,2026-06-10
INV3130,WH048,PROD0271,442,136,110,2026-07-01
INV3131,WH010,PROD0370,135,47,68,2026-07-18
INV3132,WH005,PROD0166,191,43,24,2026-04-24
INV3133,WH007,PROD0026,165,24,19,2026-06-08
INV3134,WH047,PROD0127,67,21,31,2026-06-07
INV3135,WH031,PROD0363,104,22,24,2026-06-08
INV3136,WH035,PROD0461,82,26,12,2026-05-12
INV3137,WH029,PROD0476,2138,590,116,2026-07-21
INV3138,WH030,PROD0006,1404,124,325,2026-07-31
INV3139,WH046,PROD0359,737,268,51,2026-06-17
INV3140,WH015,PROD0442,317,26,147,2026-06-22
INV3141,WH035,PROD0192,107,22,38,2026-06-19
INV3142,WH024,PROD0019,463,103,107,2026-07-16
INV3143,WH045,PROD0397,154,48,20,2026-06-29
INV3144,WH004,PROD0352,98,7,28,2026-04-18
INV3145,WH046,PROD0334,601,74,349,2026-07-22
INV3146,WH019,PROD0330,137,35,6,2026-04-27
INV3147,WH047,PROD0154,21,6,29,2026-05-19
INV3148,WH010,PROD0379,442,166,103,2026-07-10
INV3149,WH002,PROD0340,137,7,29,2026-05-16
INV3150,WH012,PROD0446,112,40,90,2026-06-18
INV3151,WH010,PROD0335,1046,264,330,2026-07-30
INV3152,WH027,PROD0014,231,75,149,2026-06-28
INV3153,WH005,PROD0063,2086,735,362,2026-07-18
INV3154,WH002,PROD0311,66,16,32,2026-07-02
INV3155,WH018,PROD0433,156,11,5,2026-04-22
INV3156,WH004,PROD0447,1104,321,169,2026-07-24
INV3157,WH034,PROD0013,1711,498,442,2026-07-21
INV3158,WH032,PROD0436,2330,342,125,2026-07-30
INV3159,WH009,PROD0358,108,38,37,2026-06-16
INV3160,WH037,PROD0172,537,84,112,2026-06-27
INV3161,WH032,PROD0231,61,10,25,2026-04-17
INV3162,WH037,PROD0352,38,2,15,2026-06-13
INV3163,WH008,PROD0498,1138,152,288,2026-07-25
INV3164,WH037,PROD0479,778,237,88,2026-07-04
INV3165,WH040,PROD0090,1740,389,122,2026-07-31
INV3166,WH030,PROD0383,372,72,142,2026-06-19
INV3167,WH024,PROD0278,223,68,100,2026-07-14
INV3168,WH032,PROD0135,140,31,33,2026-05-27
INV3169,WH024,PROD0443,167,40,26,2026-04-10
INV3170,WH016,PROD0191,108,12,35,2026-06-17
INV3171,WH003,PROD0432,182,13,108,2026-07-10
INV3172,WH017,PROD0219,173,31,12,2026-06-13
INV3173,WH037,PROD0046,682,84,83,2026-07-10
INV3174,WH003,PROD0109,742,235,39,2026-07-07
INV3175,WH014,PROD0021,92,8,30,2026-04-26
INV3176,WH047,PROD0401,2255,298,291,2026-07-28
INV3177,WH012,PROD0217,275,71,36,2026-07-14
INV3178,WH036,PROD0490,135,30,21,2026-05-02
INV3179,WH036,PROD0081,1951,551,402,2026-07-18
INV3180,WH048,PROD0189,800,199,331,2026-07-28
INV3181,WH009,PROD0071,1205,332,142,2026-07-24
INV3182,WH022,PROD0464,12,3,20,2026-04-21
INV3183,WH029,PROD0192,174,28,8,2026-05-23
INV3184,WH043,PROD0254,195,15,35,2026-04-21
INV3185,WH005,PROD0469,228,28,115,2026-07-03
INV3186,WH014,PROD0180,73,5,37,2026-04-04
INV3187,WH003,PROD0439,160,16,14,2026-05-05
INV3188,WH033,PROD0018,292,60,78,2026-06-29
INV3189,WH027,PROD0096,1350,339,200,2026-07-28
INV3190,WH025,PROD0456,571,135,30,2026-06-19
INV3191,WH026,PROD0294,79,21,19,2026-04-19
INV3192,WH007,PROD0031,169,17,32,2026-07-03
INV3193,WH048,PROD0304,131,15,21,2026-04-14
INV3194,WH038,PROD0077,217,18,147,2026-07-22
INV3195,WH005,PROD0259,658,173,142,2026-06-26
INV3196,WH042,PROD0059,319,57,49,2026-07-07
INV3197,WH021,PROD0108,145,52,24,2026-04-29
INV3198,WH006,PROD0167,611,94,34,2026-07-10
INV3199,WH004,PROD0330,33,11,31,2026-05-27
INV3200,WH011,PROD0197,1067,404,254,2026-07-18
INV3201,WH019,PROD0214,51,19,5,2026-06-10
INV3202,WH022,PROD0364,356,95,131,2026-06-28
INV3203,WH016,PROD0292,1465,502,102,2026-07-24
INV3204,WH029,PROD0127,180,26,23,2026-06-03
INV3205,WH004,PROD0471,169,36,26,2026-05-30
INV3206,WH043,PROD0026,116,43,8,2026-06-01
INV3207,WH005,PROD0027,552,48,103,2026-06-30
INV3208,WH049,PROD0378,649,32,478,2026-07-29
INV3209,WH019,PROD0325,37,7,36,2026-05-20
INV3210,WH003,PROD0464,165,22,26,2026-05-08
INV3211,WH034,PROD0375,95,11,22,2026-06-17
INV3212,WH028,PROD0201,102,23,5,2026-06-15
INV3213,WH039,PROD0410,575,115,268,2026-07-17
INV3214,WH021,PROD0283,39,10,33,2026-04-11
INV3215,WH047,PROD0243,661,195,51,2026-07-19
INV3216,WH020,PROD0304,55,18,15,2026-06-22
INV3217,WH007,PROD0334,1459,370,181,2026-07-22
INV3218,WH033,PROD0058,397,20,44,2026-07-04
INV3219,WH033,PROD0493,1782,336,455,2026-07-20
INV3220,WH013,PROD0298,40,7,23,2026-06-11
INV3221,WH008,PROD0425,51,10,6,2026-06-19
INV3222,WH010,PROD0027,734,202,145,2026-06-20
INV3223,WH028,PROD0317,138,25,37,2026-04-27
INV3224,WH020,PROD0279,28,5,39,2026-06-14
INV3225,WH039,PROD0064,353,74,114,2026-06-28
INV3226,WH039,PROD0488,36,13,31,2026-05-24
INV3227,WH037,PROD0064,420,126,54,2026-07-13
INV3228,WH002,PROD0457,34,2,11,2026-06-08
INV3229,WH009,PROD0112,36,12,27,2026-05-12
INV3230,WH011,PROD0455,70,16,23,2026-06-09
INV3231,WH001,PROD0373,42,7,14,2026-05-31
INV3232,WH031,PROD0427,30,1,20,2026-06-12
INV3233,WH016,PROD0480,359,85,50,2026-07-07
INV3234,WH003,PROD0417,124,7,35,2026-05-14
INV3235,WH047,PROD0102,176,48,39,2026-04-30
INV3236,WH026,PROD0466,130,50,24,2026-06-26
INV3237,WH032,PROD0250,237,49,39,2026-07-20
INV3238,WH019,PROD0432,153,52,32,2026-07-07
INV3239,WH024,PROD0438,174,67,32,2026-06-21
INV3240,WH030,PROD0412,45,5,27,2026-05-28
INV3241,WH048,PROD0416,2478,303,403,2026-07-21
INV3242,WH028,PROD0386,195,47,19,2026-04-19
INV3243,WH043,PROD0053,151,38,15,2026-04-28
INV3244,WH042,PROD0099,181,43,15,2026-05-05
INV3245,WH002,PROD0245,140,38,65,2026-07-11
INV3246,WH030,PROD0396,176,40,19,2026-06-22
INV3247,WH038,PROD0121,589,117,141,2026-07-20
INV3248,WH012,PROD0346,30,4,17,2026-05-23
INV3249,WH047,PROD0030,454,178,30,2026-06-22
INV3250,WH001,PROD0254,132,40,28,2026-07-02
INV3251,WH050,PROD0463,86,21,23,2026-04-09
INV3252,WH026,PROD0102,98,22,34,2026-05-15
INV3253,WH027,PROD0065,589,222,221,2026-07-23
INV3254,WH038,PROD0184,28,4,21,2026-04-23
INV3255,WH048,PROD0088,967,160,289,2026-07-22
INV3256,WH013,PROD0363,18,1,25,2026-04-15
INV3257,WH038,PROD0212,63,23,27,2026-06-18
INV3258,WH007,PROD0014,710,112,82,2026-06-21
INV3259,WH015,PROD0441,119,37,19,2026-05-12
INV3260,WH001,PROD0483,1672,230,475,2026-07-31
INV3261,WH032,PROD0453,245,34,48,2026-07-07
INV3262,WH045,PROD0250,614,217,130,2026-06-23
INV3263,WH046,PROD0102,183,49,16,2026-06-05
INV3264,WH009,PROD0265,628,226,325,2026-07-30
INV3265,WH040,PROD0335,1242,195,280,2026-07-18
INV3266,WH048,PROD0164,45,16,12,2026-06-23
INV3267,WH021,PROD0486,2033,711,225,2026-07-19
INV3268,WH014,PROD0037,32,11,24,2026-04-16
INV3269,WH007,PROD0460,14,2,39,2026-04-29
INV3270,WH028,PROD0375,95,32,21,2026-04-07
INV3271,WH035,PROD0049,621,83,132,2026-07-21
INV3272,WH036,PROD0488,105,6,10,2026-04-07
INV3273,WH005,PROD0257,49,14,24,2026-06-23
INV3274,WH006,PROD0230,21,2,13,2026-04-27
INV3275,WH028,PROD0325,150,30,35,2026-04-25
INV3276,WH013,PROD0095,165,58,66,2026-06-22
INV3277,WH014,PROD0341,231,26,32,2026-07-05
INV3278,WH014,PROD0371,62,5,24,2026-05-24
INV3279,WH024,PROD0034,1936,167,110,2026-07-27
INV3280,WH008,PROD0103,224,39,60,2026-07-01
INV3281,WH030,PROD0293,87,26,13,2026-06-26
INV3282,WH010,PROD0351,823,213,447,2026-07-28
INV3283,WH045,PROD0238,43,7,10,2026-05-01
INV3284,WH046,PROD0268,163,39,40,2026-04-19
INV3285,WH030,PROD0252,118,43,35,2026-05-07
INV3286,WH014,PROD0257,132,10,34,2026-04-09
INV3287,WH039,PROD0275,644,82,372,2026-07-22
INV3288,WH011,PROD0022,81,10,37,2026-05-03
INV3289,WH017,PROD0164,97,36,37,2026-05-11
INV3290,WH006,PROD0331,198,29,34,2026-06-04
INV3291,WH044,PROD0016,2342,447,396,2026-07-21
INV3292,WH044,PROD0021,73,26,11,2026-05-19
INV3293,WH033,PROD0170,168,14,17,2026-04-21
INV3294,WH041,PROD0167,344,103,114,2026-06-27
INV3295,WH018,PROD0424,1552,494,407,2026-07-28
INV3296,WH029,PROD0042,790,109,102,2026-07-02
INV3297,WH015,PROD0265,1586,332,315,2026-07-17
INV3298,WH004,PROD0379,579,184,111,2026-07-18
INV3299,WH036,PROD0337,385,111,53,2026-07-19
INV3300,WH044,PROD0333,99,28,26,2026-06-04
INV3301,WH049,PROD0435,136,40,87,2026-06-19
INV3302,WH033,PROD0448,638,175,98,2026-07-12
INV3303,WH009,PROD0500,37,7,7,2026-06-28
INV3304,WH043,PROD0005,1435,451,111,2026-07-19
INV3305,WH049,PROD0497,27,4,12,2026-06-10
INV3306,WH029,PROD0188,181,52,36,2026-04-25
INV3307,WH045,PROD0160,2051,161,309,2026-07-24
INV3308,WH018,PROD0077,543,84,46,2026-07-04
INV3309,WH032,PROD0031,364,70,102,2026-06-17
INV3310,WH002,PROD0061,614,198,89,2026-06-23
INV3311,WH011,PROD0168,574,167,129,2026-07-19
INV3312,WH015,PROD0403,17,1,34,2026-06-01
INV3313,WH043,PROD0217,642,179,102,2026-06-22
INV3314,WH044,PROD0031,318,44,111,2026-07-19
INV3315,WH033,PROD0052,2200,567,326,2026-07-22
INV3316,WH038,PROD0294,46,15,21,2026-05-12
INV3317,WH019,PROD0438,640,240,45,2026-07-16
INV3318,WH004,PROD0048,140,19,32,2026-05-27
INV3319,WH017,PROD0473,101,8,29,2026-05-16
INV3320,WH011,PROD0238,104,7,10,2026-05-03
INV3321,WH016,PROD0463,127,38,22,2026-06-07
INV3322,WH025,PROD0413,799,47,90,2026-07-04
INV3323,WH045,PROD0170,63,10,29,2026-06-15
INV3324,WH043,PROD0080,310,104,45,2026-07-18
INV3325,WH041,PROD0035,39,3,6,2026-04-12
INV3326,WH032,PROD0053,73,18,30,2026-04-10
INV3327,WH003,PROD0185,42,16,16,2026-06-23
INV3328,WH011,PROD0332,118,46,33,2026-04-10
INV3329,WH049,PROD0188,61,17,40,2026-05-30
INV3330,WH028,PROD0062,41,15,31,2026-06-19
INV3331,WH049,PROD0319,1574,156,238,2026-07-20
INV3332,WH006,PROD0274,80,9,26,2026-05-23
INV3333,WH021,PROD0275,931,88,305,2026-07-23
INV3334,WH024,PROD0031,646,224,43,2026-07-05
INV3335,WH043,PROD0160,428,50,193,2026-07-19
INV3336,WH036,PROD0190,707,161,59,2026-06-30
INV3337,WH043,PROD0378,1665,379,430,2026-07-29
INV3338,WH002,PROD0475,136,48,25,2026-06-27
INV3339,WH033,PROD0046,699,232,117,2026-06-24
INV3340,WH019,PROD0467,234,34,75,2026-07-11
INV3341,WH032,PROD0251,594,191,62,2026-07-04
INV3342,WH025,PROD0136,1304,260,117,2026-07-27
INV3343,WH004,PROD0223,335,79,297,2026-07-22
INV3344,WH009,PROD0200,86,8,39,2026-05-08
INV3345,WH024,PROD0411,312,80,93,2026-06-23
INV3346,WH042,PROD0444,397,22,113,2026-06-28
INV3347,WH008,PROD0012,75,7,6,2026-05-04
INV3348,WH023,PROD0375,60,4,32,2026-06-27
INV3349,WH037,PROD0427,167,57,19,2026-06-14
INV3350,WH030,PROD0016,2103,397,388,2026-07-29
INV3351,WH043,PROD0481,726,111,461,2026-07-24
INV3352,WH026,PROD0397,24,4,18,2026-06-16
INV3353,WH015,PROD0384,1517,412,226,2026-07-21
INV3354,WH034,PROD0133,1395,341,179,2026-07-24
INV3355,WH044,PROD0474,348,113,84,2026-07-17
INV3356,WH017,PROD0292,1996,334,471,2026-07-27
INV3357,WH039,PROD0358,100,30,27,2026-05-05
INV3358,WH012,PROD0230,195,43,17,2026-06-19
INV3359,WH044,PROD0373,178,54,14,2026-05-07
INV3360,WH009,PROD0436,894,327,449,2026-07-27
INV3361,WH039,PROD0495,313,67,80,2026-07-14
INV3362,WH027,PROD0471,79,11,6,2026-04-08
INV3363,WH047,PROD0473,109,19,26,2026-04-09
INV3364,WH036,PROD0194,69,26,37,2026-06-22
INV3365,WH009,PROD0363,43,4,39,2026-04-16
INV3366,WH042,PROD0150,183,31,26,2026-04-18
INV3367,WH034,PROD0368,238,52,86,2026-06-26
INV3368,WH012,PROD0106,169,49,18,2026-05-23
INV3369,WH049,PROD0118,754,88,142,2026-06-23
INV3370,WH046,PROD0226,143,28,18,2026-04-16
INV3371,WH012,PROD0041,98,5,12,2026-06-27
INV3372,WH032,PROD0226,52,6,9,2026-05-31
INV3373,WH017,PROD0489,188,72,38,2026-05-14
INV3374,WH025,PROD0498,1706,381,210,2026-07-18
INV3375,WH023,PROD0244,2832,61,44,2026-07-21
INV3376,WH036,PROD0100,167,21,101,2026-06-23
INV3377,WH037,PROD0186,511,63,343,2026-07-22
INV3378,WH029,PROD0436,1232,325,153,2026-07-29
INV3379,WH018,PROD0482,650,150,479,2026-07-27
INV3380,WH050,PROD0082,2159,861,442,2026-07-17
INV3381,WH045,PROD0014,638,153,49,2026-06-26
INV3382,WH039,PROD0031,583,34,49,2026-07-11
INV3383,WH011,PROD0484,224,38,96,2026-07-05
INV3384,WH042,PROD0359,431,138,102,2026-06-26
INV3385,WH014,PROD0039,435,131,133,2026-06-19
INV3386,WH024,PROD0229,735,79,33,2026-07-10
INV3387,WH036,PROD0270,532,27,322,2026-07-18
INV3388,WH005,PROD0239,444,170,31,2026-07-12
INV3389,WH008,PROD0485,66,13,6,2026-06-26
INV3390,WH028,PROD0253,176,51,27,2026-04-27
INV3391,WH022,PROD0350,1684,283,102,2026-07-22
INV3392,WH003,PROD0152,733,81,136,2026-06-24
INV3393,WH027,PROD0319,1493,141,446,2026-07-25
INV3394,WH028,PROD0490,96,35,11,2026-04-24
INV3395,WH045,PROD0069,20,5,24,2026-06-04
INV3396,WH043,PROD0166,21,2,21,2026-05-12
INV3397,WH025,PROD0134,179,46,17,2026-05-26
INV3398,WH037,PROD0463,83,26,11,2026-05-09
INV3399,WH046,PROD0386,106,41,33,2026-05-31
INV3400,WH044,PROD0287,182,41,31,2026-04-21
INV3401,WH045,PROD0460,102,21,39,2026-05-23
INV3402,WH049,PROD0045,23,7,30,2026-04-11
INV3403,WH042,PROD0078,119,26,23,2026-06-21
INV3404,WH042,PROD0297,125,45,39,2026-04-15
INV3405,WH031,PROD0027,174,43,50,2026-07-05
INV3406,WH008,PROD0221,372,148,75,2026-06-19
INV3407,WH017,PROD0127,488,17,39,2026-07-01
INV3408,WH031,PROD0322,160,27,17,2026-05-14
INV3409,WH026,PROD0403,158,57,16,2026-05-08
INV3410,WH009,PROD0388,22,8,19,2026-04-08
INV3411,WH031,PROD0488,63,5,26,2026-04-30
INV3412,WH005,PROD0080,355,86,30,2026-07-21
INV3413,WH043,PROD0260,157,14,27,2026-04-18
INV3414,WH046,PROD0157,56,10,26,2026-05-14
INV3415,WH047,PROD0438,100,37,142,2026-07-01
INV3416,WH014,PROD0209,769,226,107,2026-07-20
INV3417,WH013,PROD0462,1400,516,137,2026-07-18
INV3418,WH041,PROD0208,1685,157,434,2026-07-28
INV3419,WH035,PROD0137,167,56,33,2026-05-07
INV3420,WH032,PROD0411,144,8,84,2026-07-20
INV3421,WH025,PROD0051,1438,510,222,2026-07-28
INV3422,WH004,PROD0402,81,17,10,2026-04-09
INV3423,WH019,PROD0101,496,39,101,2026-06-24
INV3424,WH025,PROD0123,138,15,34,2026-05-08
INV3425,WH023,PROD0457,132,45,36,2026-05-25
INV3426,WH017,PROD0498,1834,367,356,2026-07-25
INV3427,WH035,PROD0371,137,19,24,2026-06-24
INV3428,WH024,PROD0452,69,6,9,2026-05-31
INV3429,WH033,PROD0257,130,15,16,2026-05-10
INV3430,WH037,PROD0089,31,3,15,2026-06-15
INV3431,WH038,PROD0428,636,59,144,2026-07-12
INV3432,WH002,PROD0008,572,70,119,2026-07-15
INV3433,WH043,PROD0357,106,40,67,2026-07-05
INV3434,WH050,PROD0180,117,8,34,2026-05-02
INV3435,WH043,PROD0137,38,11,34,2026-04-10
INV3436,WH019,PROD0162,527,132,100,2026-07-08
INV3437,WH048,PROD0159,104,19,33,2026-04-10
INV3438,WH043,PROD0485,125,41,30,2026-05-16
INV3439,WH017,PROD0247,1914,332,123,2026-07-23
INV3440,WH022,PROD0436,872,138,400,2026-07-25
INV3441,WH012,PROD0037,135,20,28,2026-06-25
INV3442,WH034,PROD0254,145,35,13,2026-04-18
INV3443,WH010,PROD0240,1876,46,68,2026-07-05
INV3444,WH044,PROD0359,667,130,76,2026-07-20
INV3445,WH039,PROD0424,2496,718,339,2026-07-19
INV3446,WH028,PROD0402,185,13,22,2026-06-28
INV3447,WH009,PROD0157,116,29,32,2026-06-07
INV3448,WH006,PROD0132,1312,106,128,2026-07-28
INV3449,WH037,PROD0421,344,125,60,2026-07-21
INV3450,WH008,PROD0411,620,117,63,2026-07-21
INV3451,WH035,PROD0166,97,15,38,2026-04-30
INV3452,WH010,PROD0292,1908,145,153,2026-07-26
INV3453,WH039,PROD0235,359,106,74,2026-06-23
INV3454,WH021,PROD0038,2155,519,392,2026-07-17
INV3455,WH030,PROD0365,32,5,20,2026-05-21
INV3456,WH028,PROD0468,732,204,85,2026-07-07
INV3457,WH035,PROD0365,157,56,27,2026-04-03
INV3458,WH043,PROD0129,169,63,89,2026-06-18
INV3459,WH044,PROD0199,147,38,118,2026-07-15
INV3460,WH008,PROD0397,198,28,32,2026-06-16
INV3461,WH011,PROD0304,60,22,30,2026-04-06
INV3462,WH028,PROD0269,102,39,12,2026-05-01
INV3463,WH028,PROD0247,499,178,146,2026-07-18
INV3464,WH032,PROD0417,29,9,8,2026-04-07
INV3465,WH047,PROD0380,792,271,140,2026-07-14
INV3466,WH011,PROD0052,826,290,163,2026-07-19
INV3467,WH005,PROD0293,20,6,22,2026-05-18
INV3468,WH047,PROD0139,116,7,16,2026-06-13
INV3469,WH028,PROD0209,322,83,110,2026-07-07
INV3470,WH023,PROD0019,634,73,49,2026-07-04
INV3471,WH009,PROD0166,71,27,39,2026-06-21
INV3472,WH032,PROD0161,420,144,150,2026-06-19
INV3473,WH018,PROD0458,50,17,8,2026-06-14
INV3474,WH013,PROD0386,98,14,8,2026-05-01
INV3475,WH014,PROD0378,1310,90,194,2026-07-23
INV3476,WH037,PROD0312,11035,315,112,2026-07-29
INV3477,WH040,PROD0007,129,36,35,2026-06-20
INV3478,WH044,PROD0169,189,59,20,2026-06-16
INV3479,WH041,PROD0330,66,11,36,2026-05-08
INV3480,WH026,PROD0034,2092,365,165,2026-07-24
INV3481,WH022,PROD0165,89,13,40,2026-06-19
INV3482,WH012,PROD0466,109,9,31,2026-05-09
INV3483,WH016,PROD0298,65,9,13,2026-04-16
INV3484,WH004,PROD0427,45,3,9,2026-05-19
INV3485,WH014,PROD0453,360,98,136,2026-07-08
INV3486,WH028,PROD0081,2235,691,416,2026-07-18
INV3487,WH042,PROD0454,1653,598,358,2026-07-29
INV3488,WH031,PROD0097,320,109,120,2026-07-18
INV3489,WH039,PROD0443,21,7,19,2026-05-06
INV3490,WH008,PROD0076,123,16,27,2026-04-17
INV3491,WH030,PROD0342,189,15,66,2026-07-11
INV3492,WH027,PROD0482,1065,363,190,2026-07-31
INV3493,WH042,PROD0370,789,52,71,2026-07-17
INV3494,WH017,PROD0098,110,20,21,2026-06-05
INV3495,WH014,PROD0422,51,4,31,2026-04-18
INV3496,WH045,PROD0390,191,13,5,2026-04-13
INV3497,WH011,PROD0471,123,16,30,2026-04-29
INV3498,WH033,PROD0025,2377,572,328,2026-07-17
INV3499,WH007,PROD0029,716,83,147,2026-07-09
INV3500,WH001,PROD0023,160,45,7,2026-06-25
INV3501,WH009,PROD0176,2407,477,474,2026-07-18
INV3502,WH022,PROD0146,512,99,77,2026-06-17
INV3503,WH020,PROD0494,573,77,113,2026-07-21
INV3504,WH027,PROD0327,321,96,58,2026-07-11
INV3505,WH023,PROD0333,181,27,31,2026-04-26
INV3506,WH005,PROD0172,403,123,125,2026-06-26
INV3507,WH030,PROD0161,606,236,56,2026-07-02
INV3508,WH033,PROD0188,37,9,36,2026-05-13
INV3509,WH046,PROD0419,679,111,76,2026-06-26
INV3510,WH003,PROD0403,173,21,19,2026-04-03
INV3511,WH010,PROD0094,683,210,137,2026-06-27
INV3512,WH006,PROD0005,954,90,194,2026-07-17
INV3513,WH017,PROD0174,1746,446,345,2026-07-17
INV3514,WH030,PROD0329,43,8,19,2026-05-01
INV3515,WH005,PROD0146,247,38,149,2026-06-25
INV3516,WH040,PROD0434,2232,172,123,2026-07-23
INV3517,WH010,PROD0092,704,65,101,2026-07-13
INV3518,WH013,PROD0186,908,356,259,2026-07-17
INV3519,WH039,PROD0327,478,143,34,2026-07-17
INV3520,WH020,PROD0291,1914,270,168,2026-07-23
INV3521,WH028,PROD0347,175,45,26,2026-06-07
INV3522,WH030,PROD0276,317,99,114,2026-07-04
INV3523,WH044,PROD0320,16,3,8,2026-05-07
INV3524,WH026,PROD0221,501,145,78,2026-07-03
INV3525,WH044,PROD0420,11,2,24,2026-06-06
INV3526,WH023,PROD0464,196,32,6,2026-04-26
INV3527,WH022,PROD0404,172,42,32,2026-06-11
INV3528,WH025,PROD0195,679,84,126,2026-07-13
INV3529,WH010,PROD0168,558,123,124,2026-07-12
INV3530,WH020,PROD0368,522,175,147,2026-06-18
INV3531,WH011,PROD0243,156,33,123,2026-07-05
INV3532,WH044,PROD0349,1286,177,229,2026-07-21
INV3533,WH028,PROD0214,111,19,11,2026-06-27
INV3534,WH020,PROD0307,495,33,41,2026-06-18
INV3535,WH033,PROD0203,53,9,37,2026-04-23
INV3536,WH034,PROD0357,634,92,90,2026-07-12
INV3537,WH017,PROD0456,119,34,126,2026-07-07
INV3538,WH042,PROD0347,169,39,28,2026-06-22
INV3539,WH046,PROD0166,116,32,10,2026-06-03
INV3540,WH045,PROD0336,70,9,11,2026-04-24
INV3541,WH026,PROD0297,199,42,17,2026-05-29
INV3542,WH009,PROD0331,62,16,36,2026-04-30
INV3543,WH040,PROD0283,10,3,10,2026-04-07
INV3544,WH002,PROD0040,494,111,57,2026-07-16
INV3545,WH002,PROD0004,742,187,49,2026-07-07
INV3546,WH013,PROD0125,111,8,18,2026-04-07
INV3547,WH038,PROD0284,55,12,10,2026-06-11
INV3548,WH008,PROD0282,709,155,147,2026-06-25
INV3549,WH008,PROD0094,737,268,74,2026-07-21
INV3550,WH007,PROD0340,126,20,36,2026-04-12
INV3551,WH045,PROD0353,13,0,5,2026-04-04
INV3552,WH038,PROD0328,30,10,34,2026-05-15
INV3553,WH014,PROD0421,278,96,150,2026-07-04
INV3554,WH017,PROD0112,140,25,35,2026-06-18
INV3555,WH019,PROD0369,136,36,24,2026-05-08
INV3556,WH041,PROD0030,665,64,87,2026-07-22
INV3557,WH012,PROD0464,18,1,21,2026-06-26
INV3558,WH047,PROD0369,143,53,5,2026-04-24
INV3559,WH041,PROD0366,155,53,12,2026-06-10
INV3560,WH025,PROD0342,797,144,31,2026-07-21
INV3561,WH046,PROD0110,55,4,21,2026-04-04
INV3562,WH044,PROD0377,458,84,53,2026-06-24
INV3563,WH042,PROD0445,20,2,15,2026-06-21
INV3564,WH030,PROD0289,98,23,23,2026-06-11
INV3565,WH014,PROD0086,108,6,36,2026-04-07
INV3566,WH006,PROD0206,124,11,37,2026-06-18
INV3567,WH030,PROD0407,649,248,82,2026-07-14
INV3568,WH022,PROD0097,619,194,80,2026-07-06
INV3569,WH015,PROD0400,14,0,15,2026-06-11
INV3570,WH006,PROD0248,185,50,26,2026-06-06
INV3571,WH044,PROD0007,102,26,17,2026-06-23
INV3572,WH005,PROD0032,780,161,73,2026-07-21
INV3573,WH001,PROD0271,365,39,94,2026-07-02
INV3574,WH032,PROD0229,163,36,59,2026-06-21
INV3575,WH004,PROD0376,11,3,40,2026-04-10
INV3576,WH042,PROD0231,110,16,22,2026-04-09
INV3577,WH033,PROD0119,1618,588,267,2026-07-20
INV3578,WH011,PROD0227,984,254,332,2026-07-21
INV3579,WH047,PROD0071,1067,97,389,2026-07-31
INV3580,WH016,PROD0067,12,0,28,2026-06-19
INV3581,WH013,PROD0131,17,5,32,2026-06-07
INV3582,WH005,PROD0454,461,51,286,2026-07-31
INV3583,WH021,PROD0033,167,45,116,2026-06-22
INV3584,WH031,PROD0411,179,37,122,2026-07-17
INV3585,WH018,PROD0277,100,20,33,2026-04-21
INV3586,WH026,PROD0488,59,21,10,2026-06-12
INV3587,WH017,PROD0425,24,6,33,2026-04-09
INV3588,WH044,PROD0042,352,32,99,2026-06-19
INV3589,WH049,PROD0486,1423,273,271,2026-07-20
INV3590,WH026,PROD0238,122,31,31,2026-06-23
INV3591,WH018,PROD0290,508,42,124,2026-07-21
INV3592,WH010,PROD0405,196,30,87,2026-06-25
INV3593,WH031,PROD0446,577,54,127,2026-07-20
INV3594,WH014,PROD0285,11,4,21,2026-04-03
INV3595,WH020,PROD0232,139,29,15,2026-05-07
INV3596,WH013,PROD0374,48,17,8,2026-04-14
INV3597,WH042,PROD0354,1047,244,372,2026-07-27
INV3598,WH016,PROD0185,191,21,37,2026-04-30
INV3599,WH011,PROD0318,722,90,142,2026-07-10
INV3600,WH045,PROD0242,365,133,183,2026-07-20
INV3601,WH040,PROD0125,157,44,37,2026-05-12
INV3602,WH034,PROD0158,1873,281,246,2026-07-23
INV3603,WH030,PROD0128,699,113,101,2026-07-08
INV3604,WH044,PROD0178,836,218,463,2026-07-28
INV3605,WH036,PROD0214,179,19,34,2026-05-12
INV3606,WH031,PROD0128,441,150,140,2026-07-08
INV3607,WH001,PROD0481,1899,132,422,2026-07-29
INV3608,WH028,PROD0100,351,31,64,2026-07-19
INV3609,WH009,PROD0048,105,12,30,2026-04-05
INV3610,WH022,PROD0091,2002,220,208,2026-07-25
INV3611,WH036,PROD0215,56,9,18,2026-06-08
INV3612,WH018,PROD0137,103,31,28,2026-06-17
INV3613,WH020,PROD0105,1409,143,248,2026-07-17
INV3614,WH030,PROD0174,1386,211,394,2026-07-27
INV3615,WH019,PROD0086,30,9,40,2026-04-25
INV3616,WH041,PROD0394,86,19,29,2026-06-02
INV3617,WH040,PROD0057,41,12,31,2026-05-29
INV3618,WH012,PROD0462,1330,200,438,2026-07-25
INV3619,WH012,PROD0130,122,15,18,2026-05-22
INV3620,WH040,PROD0271,607,106,77,2026-07-15
INV3621,WH004,PROD0238,90,16,12,2026-05-30
INV3622,WH034,PROD0113,1438,358,345,2026-07-17
INV3623,WH016,PROD0025,1691,610,338,2026-07-18
INV3624,WH021,PROD0379,301,91,39,2026-07-21
INV3625,WH017,PROD0208,1528,332,222,2026-07-20
INV3626,WH025,PROD0482,988,306,257,2026-07-28
INV3627,WH041,PROD0037,78,15,31,2026-07-01
INV3628,WH038,PROD0200,39,12,6,2026-05-15
INV3629,WH027,PROD0125,124,10,24,2026-04-16
INV3630,WH005,PROD0266,135,22,7,2026-05-14
INV3631,WH029,PROD0043,458,39,104,2026-07-22
INV3632,WH021,PROD0002,270,8,17,2026-06-22
INV3633,WH049,PROD0027,291,31,146,2026-06-22
INV3634,WH040,PROD0278,525,203,131,2026-06-20
INV3635,WH008,PROD0474,276,51,37,2026-06-17
INV3636,WH048,PROD0360,167,16,40,2026-05-26
INV3637,WH026,PROD0391,489,110,109,2026-06-24
INV3638,WH003,PROD0477,25,1,9,2026-05-27
INV3639,WH009,PROD0132,1906,412,107,2026-07-21
INV3640,WH011,PROD0127,190,14,39,2026-05-09
INV3641,WH038,PROD0189,994,372,365,2026-07-20
INV3642,WH039,PROD0363,163,63,22,2026-05-05
INV3643,WH045,PROD0224,64,20,36,2026-04-04
INV3644,WH038,PROD0118,129,28,73,2026-07-02
INV3645,WH043,PROD0421,715,248,112,2026-06-18
INV3646,WH029,PROD0223,364,109,340,2026-07-27
INV3647,WH024,PROD0301,323,98,107,2026-07-05
INV3648,WH021,PROD0003,1449,100,217,2026-07-22
INV3649,WH028,PROD0380,126,29,141,2026-07-14
INV3650,WH041,PROD0210,733,145,110,2026-06-28
INV3651,WH020,PROD0347,129,47,30,2026-06-30
INV3652,WH006,PROD0409,275,22,41,2026-07-19
INV3653,WH025,PROD0085,179,28,13,2026-05-15
INV3654,WH007,PROD0270,395,58,166,2026-07-18
INV3655,WH004,PROD0257,99,18,19,2026-05-22
INV3656,WH011,PROD0411,383,82,112,2026-07-07
INV3657,WH047,PROD0484,704,237,72,2026-07-20
INV3658,WH027,PROD0472,184,38,28,2026-05-22
INV3659,WH047,PROD0181,196,15,14,2026-05-21
INV3660,WH022,PROD0481,1489,487,314,2026-07-24
INV3661,WH004,PROD0043,775,248,92,2026-07-02
INV3662,WH031,PROD0302,749,200,146,2026-07-11
INV3663,WH028,PROD0168,265,59,56,2026-06-27
INV3664,WH037,PROD0316,23,7,14,2026-06-25
INV3665,WH022,PROD0138,19,1,33,2026-07-02
INV3666,WH006,PROD0176,636,63,165,2026-07-27
INV3667,WH021,PROD0241,91,21,19,2026-04-05
INV3668,WH013,PROD0346,165,48,35,2026-05-15
INV3669,WH040,PROD0146,527,50,39,2026-07-03
INV3670,WH033,PROD0182,244,79,32,2026-06-27
INV3671,WH027,PROD0040,170,39,97,2026-06-21
INV3672,WH010,PROD0267,55,21,29,2026-05-19
INV3673,WH013,PROD0338,65,9,37,2026-06-27
INV3674,WH025,PROD0025,1304,402,203,2026-07-18
INV3675,WH004,PROD0259,482,38,67,2026-07-04
INV3676,WH042,PROD0412,120,13,8,2026-04-08
INV3677,WH039,PROD0471,60,12,10,2026-06-04
INV3678,WH004,PROD0375,50,12,9,2026-06-28
INV3679,WH032,PROD0372,195,73,31,2026-04-30
INV3680,WH030,PROD0123,116,21,26,2026-05-05
INV3681,WH020,PROD0170,168,23,8,2026-06-06
INV3682,WH008,PROD0315,94,16,21,2026-06-07
INV3683,WH008,PROD0056,151,40,47,2026-06-28
INV3684,WH024,PROD0106,70,18,8,2026-04-25
INV3685,WH013,PROD0354,1321,503,196,2026-07-21
INV3686,WH024,PROD0348,586,135,259,2026-07-21
INV3687,WH002,PROD0238,15,2,14,2026-05-15
INV3688,WH028,PROD0008,494,148,86,2026-07-04
INV3689,WH008,PROD0383,404,87,69,2026-06-20
INV3690,WH027,PROD0492,83,25,40,2026-06-01
INV3691,WH009,PROD0233,692,47,88,2026-07-07
INV3692,WH004,PROD0224,155,57,25,2026-05-02
INV3693,WH043,PROD0018,261,59,59,2026-06-29
INV3694,WH030,PROD0394,38,9,15,2026-05-16
INV3695,WH034,PROD0393,672,172,107,2026-07-17
INV3696,WH046,PROD0302,407,155,136,2026-06-30
INV3697,WH047,PROD0171,739,230,104,2026-07-18
INV3698,WH018,PROD0161,503,200,114,2026-07-04
INV3699,WH050,PROD0165,46,2,20,2026-04-19
INV3700,WH024,PROD0087,87,15,14,2026-04-26
INV3701,WH022,PROD0131,136,30,5,2026-06-24
INV3702,WH032,PROD0307,454,42,127,2026-07-20
INV3703,WH025,PROD0232,21,4,19,2026-05-09
INV3704,WH022,PROD0463,21,6,13,2026-04-29
INV3705,WH045,PROD0159,180,39,9,2026-05-04
INV3706,WH041,PROD0254,71,24,22,2026-04-04
INV3707,WH016,PROD0055,1994,562,150,2026-07-28
INV3708,WH032,PROD0301,732,135,46,2026-07-17
INV3709,WH031,PROD0166,55,8,36,2026-05-19
INV3710,WH043,PROD0448,306,96,141,2026-07-14
INV3711,WH032,PROD0352,138,53,26,2026-06-21
INV3712,WH028,PROD0465,500,37,96,2026-06-20
INV3713,WH030,PROD0057,187,64,25,2026-05-17
INV3714,WH006,PROD0441,117,46,31,2026-04-22
INV3715,WH003,PROD0290,345,64,83,2026-07-07
INV3716,WH037,PROD0452,104,30,25,2026-06-17
INV3717,WH005,PROD0113,1148,224,400,2026-07-26
INV3718,WH009,PROD0134,105,10,9,2026-04-28
INV3719,WH026,PROD0035,161,61,13,2026-06-22
INV3720,WH028,PROD0463,155,38,33,2026-05-24
INV3721,WH025,PROD0297,134,31,40,2026-05-25
INV3722,WH033,PROD0322,165,13,31,2026-06-07
INV3723,WH015,PROD0030,455,122,50,2026-06-21
INV3724,WH014,PROD0200,156,49,16,2026-06-09
INV3725,WH047,PROD0041,118,15,21,2026-06-15
INV3726,WH009,PROD0248,82,30,30,2026-04-18
INV3727,WH008,PROD0250,499,156,56,2026-07-16
INV3728,WH033,PROD0442,535,213,61,2026-06-23
INV3729,WH034,PROD0186,1716,319,215,2026-07-19
INV3730,WH010,PROD0089,59,6,5,2026-05-11
INV3731,WH014,PROD0329,198,41,27,2026-05-01
INV3732,WH047,PROD0149,312,17,38,2026-05-24
INV3733,WH001,PROD0430,191,66,7,2026-06-05
INV3734,WH014,PROD0010,65,20,13,2026-05-24
INV3735,WH029,PROD0156,187,58,29,2026-06-06
INV3736,WH044,PROD0372,68,5,26,2026-05-11
INV3737,WH045,PROD0386,48,16,5,2026-06-01
INV3738,WH044,PROD0361,696,197,72,2026-06-20
INV3739,WH009,PROD0339,168,20,101,2026-07-01
INV3740,WH007,PROD0049,771,174,149,2026-07-12
INV3741,WH032,PROD0408,717,195,33,2026-07-09
INV3742,WH026,PROD0118,501,109,113,2026-07-03
INV3743,WH011,PROD0213,93,15,37,2026-05-28
INV3744,WH044,PROD0252,166,47,8,2026-06-10
INV3745,WH015,PROD0252,102,27,18,2026-05-19
INV3746,WH048,PROD0056,775,231,55,2026-07-13
INV3747,WH009,PROD0433,186,30,33,2026-04-05
INV3748,WH041,PROD0176,494,34,474,2026-07-28
INV3749,WH030,PROD0285,25,2,34,2026-06-24
INV3750,WH026,PROD0169,48,7,23,2026-04-14
INV3751,WH023,PROD0082,2369,535,221,2026-07-23
INV3752,WH001,PROD0465,175,25,71,2026-07-15
INV3753,WH032,PROD0212,78,14,10,2026-06-01
INV3754,WH023,PROD0226,115,26,27,2026-06-15
INV3755,WH009,PROD0361,496,138,43,2026-07-02
INV3756,WH037,PROD0342,124,30,143,2026-07-14
INV3757,WH017,PROD0298,85,29,17,2026-04-08
INV3758,WH048,PROD0440,1610,550,334,2026-07-24
INV3759,WH026,PROD0040,343,81,147,2026-06-18
INV3760,WH041,PROD0175,367,141,497,2026-07-20
INV3761,WH046,PROD0459,670,172,457,2026-07-26
INV3762,WH048,PROD0228,141,53,17,2026-06-14
INV3763,WH042,PROD0499,1793,564,487,2026-07-22
INV3764,WH001,PROD0473,39,4,23,2026-06-21
INV3765,WH027,PROD0197,734,120,387,2026-07-19
INV3766,WH003,PROD0362,145,9,36,2026-04-25
INV3767,WH002,PROD0463,67,25,18,2026-04-23
INV3768,WH005,PROD0081,346,87,488,2026-07-17
INV3769,WH031,PROD0220,1200,456,326,2026-07-29
INV3770,WH029,PROD0115,85,10,21,2026-04-29
INV3771,WH024,PROD0216,133,36,5,2026-05-05
INV3772,WH045,PROD0002,98,34,30,2026-04-09
INV3773,WH013,PROD0302,517,31,92,2026-06-22
INV3774,WH029,PROD0104,163,30,20,2026-06-23
INV3775,WH001,PROD0303,200,79,26,2026-05-29
INV3776,WH042,PROD0273,607,183,125,2026-07-07
INV3777,WH023,PROD0265,2358,220,319,2026-07-23
INV3778,WH022,PROD0109,196,38,47,2026-07-11
INV3779,WH009,PROD0162,378,137,93,2026-06-20
INV3780,WH037,PROD0168,628,34,36,2026-07-03
INV3781,WH019,PROD0198,800,260,261,2026-07-22
INV3782,WH001,PROD0021,16,4,9,2026-04-19
INV3783,WH003,PROD0231,63,23,38,2026-04-29
INV3784,WH029,PROD0470,191,30,19,2026-04-13
INV3785,WH016,PROD0433,112,30,19,2026-04-20
INV3786,WH039,PROD0142,36,9,18,2026-06-19
INV3787,WH037,PROD0194,137,17,9,2026-04-26
INV3788,WH001,PROD0180,85,20,13,2026-04-09
INV3789,WH046,PROD0090,1768,152,422,2026-07-30
INV3790,WH038,PROD0336,20,5,17,2026-05-18
INV3791,WH019,PROD0033,285,76,70,2026-06-24
INV3792,WH038,PROD0019,799,108,59,2026-07-14
INV3793,WH029,PROD0348,2015,702,339,2026-07-25
INV3794,WH041,PROD0199,269,67,137,2026-06-19
INV3795,WH005,PROD0458,61,16,24,2026-06-30
INV3796,WH031,PROD0282,323,48,98,2026-06-23
INV3797,WH042,PROD0100,121,27,97,2026-07-16
INV3798,WH011,PROD0354,1137,404,424,2026-07-22
INV3799,WH049,PROD0196,348,124,95,2026-07-12
INV3800,WH023,PROD0478,89,21,40,2026-06-22
INV3801,WH015,PROD0423,731,156,139,2026-07-18
INV3802,WH022,PROD0225,559,124,81,2026-06-24
INV3803,WH046,PROD0401,852,303,490,2026-07-31
INV3804,WH010,PROD0272,123,17,25,2026-05-07
INV3805,WH040,PROD0386,57,19,20,2026-04-07
INV3806,WH001,PROD0194,122,26,36,2026-04-26
INV3807,WH042,PROD0087,78,29,35,2026-04-09
INV3808,WH022,PROD0385,576,214,38,2026-07-10
INV3809,WH027,PROD0245,364,30,119,2026-06-29
INV3810,WH021,PROD0118,563,98,75,2026-07-11
INV3811,WH020,PROD0348,2422,954,372,2026-07-29
INV3812,WH047,PROD0215,177,15,8,2026-04-03
INV3813,WH007,PROD0391,205,32,134,2026-07-15
INV3814,WH016,PROD0404,69,5,39,2026-05-19
INV3815,WH019,PROD0377,530,146,93,2026-07-20
INV3816,WH027,PROD0385,644,77,31,2026-06-18
INV3817,WH005,PROD0441,159,32,19,2026-05-30
INV3818,WH012,PROD0389,134,51,25,2026-04-28
INV3819,WH048,PROD0382,98,28,29,2026-06-07
INV3820,WH050,PROD0277,157,24,14,2026-06-01
INV3821,WH024,PROD0071,1442,300,493,2026-07-26
INV3822,WH021,PROD0443,96,36,35,2026-04-26
INV3823,WH026,PROD0099,147,49,39,2026-07-02
INV3824,WH011,PROD0493,1403,499,446,2026-07-20
INV3825,WH006,PROD0194,38,7,38,2026-04-08
INV3826,WH045,PROD0262,171,64,29,2026-04-19
INV3827,WH027,PROD0371,56,12,18,2026-04-13
INV3828,WH036,PROD0177,176,43,22,2026-05-03
INV3829,WH045,PROD0095,523,130,97,2026-07-16
INV3830,WH037,PROD0488,81,30,10,2026-06-10
INV3831,WH049,PROD0438,501,67,53,2026-06-30
INV3832,WH047,PROD0049,613,103,76,2026-07-05
INV3833,WH035,PROD0314,52,18,25,2026-04-25
INV3834,WH016,PROD0044,367,24,128,2026-07-22
INV3835,WH026,PROD0116,17,3,17,2026-06-12
INV3836,WH013,PROD0168,783,123,68,2026-07-22
INV3837,WH025,PROD0185,123,41,11,2026-05-09
INV3838,WH046,PROD0224,177,20,13,2026-06-21
INV3839,WH034,PROD0214,54,19,39,2026-05-11
INV3840,WH019,PROD0492,170,34,18,2026-05-25
INV3841,WH044,PROD0269,147,8,16,2026-06-06
INV3842,WH024,PROD0279,122,31,16,2026-04-27
INV3843,WH019,PROD0203,129,15,18,2026-05-13
INV3844,WH016,PROD0009,1502,129,298,2026-07-31
INV3845,WH026,PROD0496,255,33,95,2026-07-22
INV3846,WH026,PROD0160,501,167,363,2026-07-18
INV3847,WH043,PROD0256,388,105,103,2026-07-17
INV3848,WH016,PROD0131,176,10,19,2026-04-06
INV3849,WH004,PROD0366,186,36,11,2026-05-14
INV3850,WH010,PROD0269,80,12,28,2026-05-23
INV3851,WH041,PROD0170,126,13,29,2026-06-13
INV3852,WH005,PROD0392,36,5,5,2026-04-28
INV3853,WH003,PROD0196,524,161,125,2026-07-20
INV3854,WH012,PROD0444,498,76,144,2026-07-22
INV3855,WH041,PROD0054,123,34,21,2026-04-15
INV3856,WH041,PROD0320,37,13,29,2026-06-15
INV3857,WH002,PROD0214,109,26,36,2026-04-24
INV3858,WH031,PROD0448,326,120,138,2026-07-13
INV3859,WH004,PROD0448,281,29,146,2026-07-05
INV3860,WH013,PROD0178,1389,481,480,2026-07-27
INV3861,WH005,PROD0329,13,3,34,2026-06-11
INV3862,WH011,PROD0125,179,48,6,2026-05-19
INV3863,WH028,PROD0223,2120,507,148,2026-07-27
INV3864,WH015,PROD0337,303,68,129,2026-07-15
INV3865,WH030,PROD0295,424,130,75,2026-07-06
INV3866,WH037,PROD0471,151,47,15,2026-05-26
INV3867,WH011,PROD0003,1036,378,359,2026-07-21
INV3868,WH042,PROD0093,22,7,37,2026-04-18
INV3869,WH009,PROD0057,122,6,30,2026-04-23
INV3870,WH011,PROD0214,165,27,32,2026-06-11
INV3871,WH021,PROD0389,24,9,35,2026-06-03
INV3872,WH048,PROD0471,163,58,9,2026-06-03
INV3873,WH004,PROD0127,186,12,15,2026-05-17
INV3874,WH032,PROD0129,714,232,80,2026-07-13
INV3875,WH015,PROD0259,388,122,67,2026-07-19
INV3876,WH044,PROD0430,69,12,35,2026-04-11
INV3877,WH039,PROD0300,1389,424,179,2026-07-18
INV3878,WH048,PROD0269,14,5,17,2026-06-04
INV3879,WH041,PROD0131,34,6,23,2026-04-22
INV3880,WH009,PROD0303,176,28,7,2026-04-28
INV3881,WH004,PROD0387,79,22,37,2026-04-30
INV3882,WH002,PROD0429,90,8,12,2026-04-22
INV3883,WH032,PROD0088,729,49,130,2026-07-22
INV3884,WH017,PROD0241,156,13,19,2026-04-21
INV3885,WH008,PROD0249,357,21,139,2026-07-22
INV3886,WH033,PROD0353,80,13,38,2026-05-13
INV3887,WH031,PROD0151,384,73,106,2026-06-28
INV3888,WH029,PROD0070,66,20,30,2026-05-15
INV3889,WH007,PROD0076,11,2,40,2026-06-19
INV3890,WH034,PROD0305,1163,120,356,2026-07-21
INV3891,WH009,PROD0405,646,33,116,2026-07-04
INV3892,WH016,PROD0397,103,5,12,2026-05-12
INV3893,WH022,PROD0248,122,35,28,2026-06-16
INV3894,WH036,PROD0149,153,43,8,2026-06-05
INV3895,WH013,PROD0205,581,122,96,2026-07-18
INV3896,WH042,PROD0284,27,3,20,2026-05-20
INV3897,WH018,PROD0081,2410,637,217,2026-07-19
INV3898,WH023,PROD0124,713,220,76,2026-07-14
INV3899,WH026,PROD0022,143,16,39,2026-05-19
INV3900,WH036,PROD0429,129,38,20,2026-05-26
INV3901,WH006,PROD0131,168,35,36,2026-05-25
INV3902,WH047,PROD0251,306,107,116,2026-06-24
INV3903,WH049,PROD0302,730,153,35,2026-06-26
INV3904,WH020,PROD0187,1894,412,272,2026-07-22
INV3905,WH040,PROD0198,685,41,499,2026-07-17
INV3906,WH044,PROD0129,121,14,73,2026-06-22
INV3907,WH035,PROD0463,196,45,11,2026-06-26
INV3908,WH019,PROD0415,38,7,36,2026-05-23
INV3909,WH014,PROD0017,131,47,15,2026-06-19
INV3910,WH033,PROD0234,179,51,34,2026-06-24
INV3911,WH037,PROD0302,203,46,79,2026-07-02
INV3912,WH027,PROD0127,88,5,9,2026-06-17
INV3913,WH022,PROD0226,152,57,31,2026-05-06
INV3914,WH010,PROD0198,1642,173,344,2026-07-20
INV3915,WH036,PROD0497,46,15,12,2026-06-11
INV3916,WH040,PROD0329,146,53,37,2026-05-17
INV3917,WH044,PROD0299,165,9,109,2026-06-27
INV3918,WH007,PROD0369,188,75,27,2026-04-07
INV3919,WH024,PROD0099,129,38,19,2026-06-25
INV3920,WH008,PROD0272,92,17,28,2026-04-21
INV3921,WH032,PROD0421,226,31,85,2026-07-06
INV3922,WH007,PROD0139,88,6,5,2026-07-02
INV3923,WH003,PROD0402,123,8,28,2026-05-11
INV3924,WH047,PROD0217,419,86,129,2026-07-20
INV3925,WH032,PROD0082,1983,211,368,2026-07-20
INV3926,WH033,PROD0339,438,45,125,2026-07-03
INV3927,WH048,PROD0137,76,25,36,2026-04-20
INV3928,WH024,PROD0059,757,220,147,2026-06-22
INV3929,WH027,PROD0324,1617,495,241,2026-07-24
INV3930,WH030,PROD0429,153,33,20,2026-04-08
INV3931,WH045,PROD0166,58,16,14,2026-05-18
INV3932,WH028,PROD0355,136,33,34,2026-06-17
INV3933,WH026,PROD0002,172,26,11,2026-05-03
INV3934,WH002,PROD0132,550,100,180,2026-07-26
INV3935,WH003,PROD0151,223,43,55,2026-07-16
INV3936,WH032,PROD0239,1840,148,48,2026-06-22
INV3937,WH010,PROD0452,124,25,34,2026-06-19
INV3938,WH021,PROD0005,1981,222,489,2026-07-27
INV3939,WH011,PROD0292,396,48,452,2026-07-27
INV3940,WH007,PROD0250,516,50,89,2026-06-27
INV3941,WH029,PROD0018,247,39,124,2026-06-30
INV3942,WH026,PROD0328,69,15,9,2026-05-23
INV3943,WH018,PROD0454,2276,447,164,2026-07-26
INV3944,WH025,PROD0414,129,50,37,2026-06-12
INV3945,WH014,PROD0224,168,49,6,2026-05-13
INV3946,WH046,PROD0408,459,86,34,2026-07-11
INV3947,WH017,PROD0016,2230,786,215,2026-07-30
INV3948,WH050,PROD0345,24,4,32,2026-05-14
INV3949,WH021,PROD0147,177,23,5,2026-05-22
INV3950,WH041,PROD0498,766,148,454,2026-07-18
INV3951,WH015,PROD0360,52,19,37,2026-05-08
INV3952,WH043,PROD0007,103,13,40,2026-06-24
INV3953,WH022,PROD0232,67,8,16,2026-06-18
INV3954,WH029,PROD0439,152,23,40,2026-05-14
INV3955,WH024,PROD0069,114,10,12,2026-05-23
INV3956,WH048,PROD0179,180,9,28,2026-04-30
INV3957,WH011,PROD0319,1829,346,118,2026-07-23
INV3958,WH018,PROD0149,33,5,13,2026-06-08
INV3959,WH038,PROD0429,188,37,39,2026-04-18
INV3960,WH021,PROD0288,1926,685,405,2026-07-29
INV3961,WH003,PROD0197,1066,182,271,2026-07-21
INV3962,WH031,PROD0410,2129,162,455,2026-07-26
INV3963,WH031,PROD0450,143,23,21,2026-04-18
INV3964,WH012,PROD0233,302,100,64,2026-07-06
INV3965,WH042,PROD0011,181,71,9,2026-04-14
INV3966,WH011,PROD0058,302,59,150,2026-07-05
INV3967,WH018,PROD0350,1842,187,139,2026-07-26
INV3968,WH028,PROD0395,95,31,20,2026-06-13
INV3969,WH044,PROD0405,367,23,145,2026-06-24
INV3970,WH034,PROD0354,742,224,185,2026-07-22
INV3971,WH036,PROD0275,1416,487,122,2026-07-19
INV3972,WH016,PROD0230,87,27,40,2026-04-08
INV3973,WH047,PROD0420,197,71,12,2026-06-15
INV3974,WH032,PROD0387,163,49,20,2026-07-01
INV3975,WH002,PROD0166,141,37,39,2026-04-18
INV3976,WH042,PROD0466,140,12,7,2026-04-24
INV3977,WH014,PROD0145,125,30,73,2026-07-20
INV3978,WH045,PROD0370,149,58,73,2026-06-28
INV3979,WH022,PROD0491,2422,678,468,2026-07-18
INV3980,WH038,PROD0303,19,6,16,2026-06-19
INV3981,WH007,PROD0211,189,29,31,2026-04-21
INV3982,WH009,PROD0492,172,63,9,2026-06-12
INV3983,WH028,PROD0493,2135,299,316,2026-07-19
INV3984,WH010,PROD0362,185,43,27,2026-04-21
INV3985,WH004,PROD0235,373,126,109,2026-06-20
INV3986,WH017,PROD0300,1614,559,406,2026-07-30
INV3987,WH001,PROD0126,67,20,10,2026-05-30
INV3988,WH044,PROD0182,607,191,121,2026-07-15
INV3989,WH033,PROD0324,695,104,208,2026-07-31
INV3990,WH023,PROD0435,158,59,68,2026-07-07
INV3991,WH019,PROD0333,35,6,30,2026-05-29
INV3992,WH010,PROD0449,195,63,25,2026-06-08
INV3993,WH015,PROD0012,130,47,14,2026-05-29
INV3994,WH036,PROD0470,135,11,29,2026-05-31
INV3995,WH007,PROD0458,65,14,28,2026-05-17
INV3996,WH026,PROD0061,616,179,125,2026-07-22
INV3997,WH013,PROD0296,1305,505,259,2026-07-17
INV3998,WH024,PROD0139,172,49,22,2026-06-14
INV3999,WH034,PROD0181,154,14,39,2026-04-28
INV4000,WH025,PROD0191,107,19,17,2026-06-10
INV4001,WH027,PROD0415,46,13,34,2026-05-08
INV4002,WH027,PROD0276,341,73,40,2026-07-11
INV4003,WH017,PROD0063,2480,765,205,2026-07-22
INV4004,WH023,PROD0495,447,152,111,2026-06-22
INV4005,WH050,PROD0487,18,6,15,2026-06-15
INV4006,WH030,PROD0255,30,2,6,2026-05-10
INV4007,WH002,PROD0069,108,22,23,2026-05-29
INV4008,WH043,PROD0110,81,12,11,2026-04-11
INV4009,WH005,PROD0016,1188,365,195,2026-07-28
INV4010,WH043,PROD0384,2048,513,339,2026-07-18
INV4011,WH028,PROD0217,755,162,92,2026-07-06
INV4012,WH009,PROD0385,152,11,121,2026-07-16
INV4013,WH019,PROD0001,664,91,59,2026-06-20
INV4014,WH036,PROD0089,110,30,6,2026-06-22
INV4015,WH046,PROD0244,735,202,126,2026-06-30
INV4016,WH048,PROD0478,82,13,14,2026-06-15
INV4017,WH040,PROD0067,44,7,21,2026-06-16
INV4018,WH031,PROD0231,56,7,34,2026-05-05
INV4019,WH022,PROD0025,975,323,154,2026-07-21
INV4020,WH023,PROD0096,681,254,151,2026-07-17
INV4021,WH028,PROD0018,332,38,121,2026-06-28
INV4022,WH026,PROD0365,146,49,36,2026-04-24
INV4023,WH012,PROD0416,364,119,488,2026-07-20
INV4024,WH022,PROD0461,186,33,40,2026-06-01
INV4025,WH039,PROD0160,2131,148,485,2026-07-24
INV4026,WH045,PROD0488,194,49,20,2026-04-06
INV4027,WH042,PROD0328,23,3,14,2026-05-23
INV4028,WH027,PROD0365,180,68,35,2026-04-18
INV4029,WH029,PROD0331,125,40,38,2026-04-08
INV4030,WH049,PROD0292,2416,727,322,2026-07-28
INV4031,WH015,PROD0446,687,221,71,2026-07-04
INV4032,WH038,PROD0070,190,56,9,2026-06-18
INV4033,WH029,PROD0089,68,4,26,2026-04-13
INV4034,WH030,PROD0110,136,26,36,2026-04-20
INV4035,WH013,PROD0259,697,106,78,2026-06-30
INV4036,WH040,PROD0450,136,10,34,2026-04-21
INV4037,WH010,PROD0415,44,10,6,2026-06-27
INV4038,WH002,PROD0404,17,1,11,2026-05-31
INV4039,WH043,PROD0214,162,18,8,2026-05-13
INV4040,WH032,PROD0166,160,22,26,2026-06-19
INV4041,WH049,PROD0390,20,1,30,2026-05-07
INV4042,WH043,PROD0412,13,0,37,2026-07-01
INV4043,WH045,PROD0248,56,15,22,2026-06-12
INV4044,WH044,PROD0461,174,44,23,2026-04-05
INV4045,WH023,PROD0361,775,260,46,2026-07-03
INV4046,WH003,PROD0487,98,9,12,2026-05-05
INV4047,WH048,PROD0170,26,3,16,2026-04-10
INV4048,WH014,PROD0389,70,26,25,2026-06-03
INV4049,WH044,PROD0230,184,37,35,2026-04-30
INV4050,WH047,PROD0403,43,10,29,2026-05-21
INV4051,WH004,PROD0106,180,27,9,2026-07-01
INV4052,WH029,PROD0307,194,41,62,2026-07-22
INV4053,WH041,PROD0459,1046,402,361,2026-07-31
INV4054,WH039,PROD0019,592,236,137,2026-07-06
INV4055,WH046,PROD0212,164,23,36,2026-04-08
INV4056,WH048,PROD0047,570,86,45,2026-07-12
INV4057,WH025,PROD0217,612,198,114,2026-07-07
INV4058,WH023,PROD0388,60,10,29,2026-04-20
INV4059,WH035,PROD0229,488,79,92,2026-07-09
INV4060,WH036,PROD0389,33,7,8,2026-04-09
INV4061,WH039,PROD0153,128,48,29,2026-05-29
INV4062,WH044,PROD0495,173,13,53,2026-06-28
INV4063,WH041,PROD0404,165,31,18,2026-04-09
INV4064,WH007,PROD0395,156,54,30,2026-06-10
INV4065,WH022,PROD0202,188,24,24,2026-05-31
INV4066,WH003,PROD0299,426,79,38,2026-07-01
INV4067,WH014,PROD0009,552,66,433,2026-07-25
INV4068,WH008,PROD0406,23,1,27,2026-04-07
INV4069,WH029,PROD0262,128,43,8,2026-05-25
INV4070,WH006,PROD0105,1790,648,491,2026-07-18
INV4071,WH045,PROD0374,131,25,20,2026-04-16
INV4072,WH031,PROD0473,170,27,15,2026-04-17
INV4073,WH030,PROD0241,188,33,8,2026-05-21
INV4074,WH038,PROD0366,19,7,35,2026-06-21
INV4075,WH039,PROD0197,693,205,266,2026-07-27
INV4076,WH004,PROD0337,230,28,103,2026-07-07
INV4077,WH007,PROD0109,231,57,80,2026-06-20
INV4078,WH017,PROD0216,15,2,15,2026-06-24
INV4079,WH035,PROD0148,29,6,28,2026-04-30
INV4080,WH018,PROD0089,189,57,28,2026-06-24
INV4081,WH027,PROD0386,31,8,35,2026-05-08
INV4082,WH022,PROD0286,163,20,15,2026-06-13
INV4083,WH009,PROD0354,1623,460,384,2026-07-24
INV4084,WH001,PROD0402,180,43,14,2026-06-14
INV4085,WH012,PROD0312,1212,463,220,2026-07-26
INV4086,WH029,PROD0270,2339,711,153,2026-07-26
INV4087,WH039,PROD0333,114,43,24,2026-05-01
INV4088,WH043,PROD0159,198,38,36,2026-05-29
INV4089,WH021,PROD0018,565,205,117,2026-07-13
INV4090,WH023,PROD0372,185,44,8,2026-04-26
INV4091,WH031,PROD0162,512,172,124,2026-07-03
INV4092,WH049,PROD0014,793,70,73,2026-06-18
INV4093,WH034,PROD0006,745,273,100,2026-07-23
INV4094,WH044,PROD0422,117,25,36,2026-04-17
INV4095,WH017,PROD0256,545,112,40,2026-07-09
INV4096,WH028,PROD0193,59,9,29,2026-04-12
INV4097,WH015,PROD0120,407,83,134,2026-06-24
INV4098,WH027,PROD0499,1237,311,201,2026-07-24
INV4099,WH010,PROD0407,540,121,147,2026-07-12
INV4100,WH005,PROD0177,10,2,16,2026-06-05
INV4101,WH041,PROD0256,350,23,66,2026-07-02
INV4102,WH008,PROD0308,588,30,5,2026-05-23
INV4103,WH040,PROD0245,756,81,102,2026-06-25
INV4104,WH023,PROD0487,160,21,36,2026-05-06
INV4105,WH025,PROD0009,2481,936,484,2026-07-20
INV4106,WH039,PROD0286,33,7,33,2026-05-25
INV4107,WH025,PROD0224,103,21,18,2026-04-15
INV4108,WH023,PROD0269,125,38,24,2026-04-29
INV4109,WH023,PROD0463,177,16,28,2026-05-06
INV4110,WH041,PROD0314,147,20,21,2026-05-30
INV4111,WH039,PROD0478,109,14,9,2026-05-08
INV4112,WH012,PROD0174,2261,490,228,2026-07-24
INV4113,WH029,PROD0328,50,6,10,2026-06-14
INV4114,WH030,PROD0228,104,33,29,2026-06-23
INV4115,WH006,PROD0476,2426,438,340,2026-07-26
INV4116,WH043,PROD0276,326,109,46,2026-07-11
INV4117,WH004,PROD0166,160,24,5,2026-05-23
INV4118,WH029,PROD0118,488,86,71,2026-06-17
INV4119,WH047,PROD0291,575,84,392,2026-07-28
INV4120,WH019,PROD0210,228,19,140,2026-06-22
INV4121,WH040,PROD0120,352,113,150,2026-07-19
INV4122,WH022,PROD0122,61,21,28,2026-06-08
INV4123,WH038,PROD0344,148,27,6,2026-04-20
INV4124,WH033,PROD0096,791,293,404,2026-07-25
INV4125,WH036,PROD0251,744,168,71,2026-06-22
INV4126,WH010,PROD0399,189,40,35,2026-06-08
INV4127,WH038,PROD0478,130,32,34,2026-06-04
INV4128,WH028,PROD0433,108,26,31,2026-06-29
INV4129,WH032,PROD0258,93,30,26,2026-07-01
INV4130,WH044,PROD0330,84,23,22,2026-05-17
INV4131,WH009,PROD0308,112,40,15,2026-04-15
INV4132,WH050,PROD0380,127,7,117,2026-07-17
INV4133,WH015,PROD0364,286,54,118,2026-07-13
INV4134,WH034,PROD0082,1715,228,248,2026-07-25
INV4135,WH020,PROD0344,30,6,27,2026-05-09
INV4136,WH029,PROD0164,62,6,40,2026-05-07
INV4137,WH021,PROD0284,33,9,40,2026-05-05
INV4138,WH043,PROD0257,87,14,5,2026-04-30
INV4139,WH001,PROD0187,1101,185,479,2026-07-25
INV4140,WH010,PROD0224,143,54,18,2026-04-14
INV4141,WH045,PROD0499,398,130,278,2026-07-30
INV4142,WH027,PROD0311,116,8,33,2026-06-09
INV4143,WH007,PROD0163,109,26,40,2026-06-01
INV4144,WH012,PROD0248,143,29,26,2026-06-04
INV4145,WH036,PROD0395,49,19,12,2026-05-27
INV4146,WH011,PROD0159,31,2,19,2026-05-03
INV4147,WH028,PROD0353,59,10,7,2026-04-26
INV4148,WH027,PROD0287,76,29,37,2026-06-06
INV4149,WH049,PROD0265,806,85,316,2026-07-24
INV4150,WH028,PROD0173,180,67,31,2026-06-27
INV4151,WH024,PROD0479,458,94,102,2026-06-30
INV4152,WH049,PROD0405,434,144,67,2026-07-16
INV4153,WH048,PROD0388,173,63,33,2026-05-02
INV4154,WH001,PROD0151,140,40,52,2026-07-01
INV4155,WH035,PROD0334,2356,139,380,2026-07-30
INV4156,WH021,PROD0413,433,44,97,2026-06-24
INV4157,WH033,PROD0150,102,10,35,2026-04-13
INV4158,WH010,PROD0148,39,3,6,2026-05-27
INV4159,WH030,PROD0377,410,37,104,2026-07-07
INV4160,WH034,PROD0344,40,13,32,2026-04-06
INV4161,WH041,PROD0188,171,13,29,2026-05-08
INV4162,WH002,PROD0361,382,25,86,2026-06-30
INV4163,WH036,PROD0155,18,1,40,2026-04-18
INV4164,WH044,PROD0020,176,46,29,2026-05-24
INV4165,WH016,PROD0171,547,168,113,2026-06-30
INV4166,WH033,PROD0485,20,3,19,2026-04-10
INV4167,WH026,PROD0150,134,20,13,2026-06-11
INV4168,WH048,PROD0050,596,181,34,2026-06-19
INV4169,WH005,PROD0401,1515,173,429,2026-07-21
INV4170,WH041,PROD0447,1966,268,305,2026-07-20
INV4171,WH050,PROD0021,196,34,7,2026-05-30
INV4172,WH046,PROD0281,118,41,64,2026-06-17
INV4173,WH032,PROD0324,978,152,261,2026-07-30
INV4174,WH025,PROD0057,199,49,33,2026-06-26
INV4175,WH029,PROD0108,28,10,36,2026-07-01
INV4176,WH008,PROD0455,111,40,31,2026-04-25
INV4177,WH002,PROD0118,741,135,99,2026-07-04
INV4178,WH012,PROD0282,198,16,76,2026-07-19
INV4179,WH017,PROD0475,114,20,29,2026-06-13
INV4180,WH010,PROD0444,457,40,58,2026-06-26
INV4181,WH038,PROD0257,125,39,30,2026-06-10
INV4182,WH049,PROD0484,698,228,75,2026-06-21
INV4183,WH020,PROD0251,386,94,76,2026-07-20
INV4184,WH042,PROD0259,731,67,130,2026-06-24
INV4185,WH042,PROD0113,666,213,488,2026-07-26
INV4186,WH028,PROD0019,384,145,52,2026-06-28
INV4187,WH017,PROD0428,358,130,87,2026-07-17
INV4188,WH017,PROD0135,36,7,28,2026-06-09
INV4189,WH023,PROD0350,2348,235,478,2026-07-21
INV4190,WH027,PROD0379,710,99,66,2026-06-29
INV4191,WH037,PROD0409,217,81,136,2026-07-08
INV4192,WH036,PROD0023,75,25,37,2026-05-01
INV4193,WH039,PROD0097,660,135,133,2026-07-10
INV4194,WH021,PROD0377,268,90,69,2026-07-11
INV4195,WH001,PROD0361,597,94,66,2026-07-15
INV4196,WH049,PROD0458,79,15,5,2026-06-11
INV4197,WH023,PROD0098,82,14,14,2026-05-22
INV4198,WH036,PROD0102,46,15,32,2026-06-13
INV4199,WH017,PROD0481,803,137,452,2026-07-26
INV4200,WH023,PROD0140,43,15,28,2026-06-14
INV4201,WH035,PROD0258,173,63,8,2026-04-28
INV4202,WH012,PROD0357,113,24,86,2026-07-12
INV4203,WH013,PROD0106,88,24,7,2026-04-05
INV4204,WH014,PROD0251,642,196,149,2026-07-16
INV4205,WH027,PROD0241,50,6,33,2026-06-01
INV4206,WH009,PROD0230,124,18,32,2026-05-07
INV4207,WH022,PROD0467,618,216,131,2026-06-20
INV4208,WH019,PROD0391,494,135,98,2026-06-24
INV4209,WH019,PROD0299,254,36,103,2026-07-04
INV4210,WH005,PROD0104,116,31,36,2026-05-19
INV4211,WH033,PROD0134,191,31,5,2026-04-06
INV4212,WH028,PROD0460,122,38,37,2026-06-06
INV4213,WH005,PROD0204,41,8,18,2026-06-19
INV4214,WH014,PROD0284,184,21,39,2026-06-04
INV4215,WH021,PROD0408,780,178,150,2026-07-16
INV4216,WH026,PROD0144,653,68,134,2026-07-22
INV4217,WH035,PROD0030,222,50,141,2026-07-08
INV4218,WH048,PROD0469,729,280,112,2026-06-29
INV4219,WH023,PROD0142,181,39,20,2026-04-21
INV4220,WH016,PROD0134,32,10,25,2026-04-19
INV4221,WH025,PROD0397,119,23,5,2026-04-29
INV4222,WH046,PROD0195,461,87,37,2026-07-04
INV4223,WH027,PROD0468,768,121,52,2026-07-13
INV4224,WH036,PROD0328,164,61,13,2026-06-14
INV4225,WH007,PROD0327,663,234,119,2026-07-13
INV4226,WH042,PROD0051,1302,500,272,2026-07-31
INV4227,WH004,PROD0272,84,13,7,2026-06-23
INV4228,WH040,PROD0456,695,130,93,2026-07-21
INV4229,WH003,PROD0289,166,28,35,2026-04-11
INV4230,WH028,PROD0272,111,7,31,2026-05-16
INV4231,WH027,PROD0283,33,12,30,2026-04-22
INV4232,WH011,PROD0059,397,152,35,2026-06-24
INV4233,WH013,PROD0028,638,50,117,2026-06-23
INV4234,WH013,PROD0297,14,0,17,2026-04-14
INV4235,WH010,PROD0014,153,17,73,2026-06-27
INV4236,WH041,PROD0091,1465,336,352,2026-07-27
INV4237,WH042,PROD0230,169,58,38,2026-04-25
INV4238,WH005,PROD0119,989,233,336,2026-07-28
INV4239,WH012,PROD0079,710,78,130,2026-07-09
INV4240,WH043,PROD0348,1015,141,494,2026-07-26
INV4241,WH044,PROD0128,663,146,117,2026-07-04
INV4242,WH019,PROD0121,649,123,359,2026-07-23
INV4243,WH039,PROD0138,126,8,39,2026-06-26
INV4244,WH048,PROD0139,119,23,18,2026-05-12
INV4245,WH034,PROD0124,589,103,137,2026-06-30
INV4246,WH024,PROD0332,14,3,22,2026-05-20
INV4247,WH024,PROD0020,13,5,36,2026-05-04
INV4248,WH013,PROD0060,123,33,14,2026-06-20
INV4249,WH015,PROD0393,471,23,105,2026-06-20
INV4250,WH016,PROD0057,105,20,31,2026-04-19
INV4251,WH020,PROD0208,426,113,146,2026-07-17
INV4252,WH014,PROD0168,290,31,30,2026-06-25
INV4253,WH025,PROD0028,680,269,56,2026-07-18
INV4254,WH009,PROD0390,108,14,30,2026-06-03
INV4255,WH019,PROD0027,662,57,49,2026-07-10
INV4256,WH006,PROD0354,2138,701,161,2026-07-22
INV4257,WH030,PROD0472,199,33,21,2026-06-27
INV4258,WH043,PROD0327,686,167,76,2026-07-21
INV4259,WH046,PROD0006,323,53,487,2026-07-18
INV4260,WH023,PROD0081,2008,520,215,2026-07-26
INV4261,WH028,PROD0123,102,9,16,2026-05-30
INV4262,WH002,PROD0077,290,94,133,2026-06-19
INV4263,WH007,PROD0028,506,156,83,2026-07-02
INV4264,WH019,PROD0298,52,18,17,2026-05-17
INV4265,WH019,PROD0042,780,139,68,2026-07-20
INV4266,WH022,PROD0099,48,16,13,2026-04-30
INV4267,WH032,PROD0356,183,34,27,2026-06-12
INV4268,WH034,PROD0238,143,47,38,2026-04-17
INV4269,WH047,PROD0284,73,28,11,2026-05-02
INV4270,WH008,PROD0048,27,8,21,2026-06-12
INV4271,WH019,PROD0360,138,49,24,2026-05-17
INV4272,WH029,PROD0112,29,2,18,2026-05-07
INV4273,WH046,PROD0136,678,252,393,2026-07-17
INV4274,WH026,PROD0306,92,25,24,2026-05-23
INV4275,WH031,PROD0380,105,5,54,2026-07-06
INV4276,WH006,PROD0478,136,28,30,2026-06-21
INV4277,WH014,PROD0333,19,5,12,2026-06-19
INV4278,WH035,PROD0114,192,52,115,2026-06-19
INV4279,WH030,PROD0084,130,50,150,2026-07-07
INV4280,WH025,PROD0184,118,7,21,2026-07-01
INV4281,WH043,PROD0397,176,61,25,2026-05-26
INV4282,WH046,PROD0458,122,42,40,2026-06-13
INV4283,WH027,PROD0446,386,122,56,2026-07-05
INV4284,WH005,PROD0429,41,6,21,2026-05-03
INV4285,WH026,PROD0483,2087,768,173,2026-07-27
INV4286,WH009,PROD0118,163,59,112,2026-06-25
INV4287,WH005,PROD0408,181,25,84,2026-06-20
INV4288,WH034,PROD0414,162,43,27,2026-06-20
INV4289,WH018,PROD0471,186,30,32,2026-05-13
INV4290,WH049,PROD0254,83,13,32,2026-05-31
INV4291,WH015,PROD0051,2074,299,485,2026-07-18
INV4292,WH001,PROD0221,134,36,129,2026-07-02
INV4293,WH007,PROD0354,1173,326,343,2026-07-17
INV4294,WH042,PROD0346,84,22,32,2026-06-02
INV4295,WH001,PROD0485,137,47,39,2026-04-17
INV4296,WH031,PROD0275,2054,594,395,2026-07-18
INV4297,WH048,PROD0193,23,7,12,2026-04-22
INV4298,WH001,PROD0141,209,56,119,2026-07-02
INV4299,WH041,PROD0146,600,80,69,2026-06-21
INV4300,WH015,PROD0191,177,35,35,2026-06-01
INV4301,WH003,PROD0049,780,249,84,2026-06-20
INV4302,WH024,PROD0429,71,23,9,2026-04-08
INV4303,WH021,PROD0025,1340,331,102,2026-07-19
INV4304,WH006,PROD0467,218,58,96,2026-07-02
INV4305,WH045,PROD0230,78,13,6,2026-04-14
INV4306,WH021,PROD0371,178,46,27,2026-06-28
INV4307,WH033,PROD0035,145,44,22,2026-05-06
INV4308,WH026,PROD0485,62,4,16,2026-05-27
INV4309,WH039,PROD0178,1403,408,118,2026-07-19
INV4310,WH041,PROD0425,107,24,16,2026-05-01
INV4311,WH040,PROD0014,622,116,98,2026-07-19
INV4312,WH006,PROD0391,225,47,49,2026-07-15
INV4313,WH036,PROD0077,264,101,56,2026-07-07
INV4314,WH032,PROD0071,1718,500,101,2026-07-18
INV4315,WH034,PROD0436,1709,342,487,2026-07-17
INV4316,WH045,PROD0236,189,15,12,2026-05-30
INV4317,WH012,PROD0255,177,17,36,2026-06-08
INV4318,WH032,PROD0120,601,67,140,2026-07-06
INV4319,WH020,PROD0370,254,29,31,2026-07-06
INV4320,WH031,PROD0134,38,8,28,2026-04-10
INV4321,WH019,PROD0074,97,16,8,2026-04-09
INV4322,WH043,PROD0492,752,31,19,2026-04-11
INV4323,WH024,PROD0184,186,41,40,2026-05-01
INV4324,WH046,PROD0311,67,19,30,2026-05-26
INV4325,WH030,PROD0077,327,64,96,2026-07-16
INV4326,WH005,PROD0066,908,147,143,2026-07-28
INV4327,WH041,PROD0038,1280,86,435,2026-07-28
INV4328,WH049,PROD0347,21,4,16,2026-05-30
INV4329,WH034,PROD0427,83,10,11,2026-06-11
INV4330,WH009,PROD0093,68,16,15,2026-06-28
INV4331,WH034,PROD0386,92,34,35,2026-06-25
INV4332,WH047,PROD0295,411,56,56,2026-07-16
INV4333,WH034,PROD0500,100,38,40,2026-05-07
INV4334,WH040,PROD0087,41,8,19,2026-06-18
INV4335,WH036,PROD0096,875,60,292,2026-07-21
INV4336,WH039,PROD0108,124,10,9,2026-05-16
INV4337,WH029,PROD0432,656,196,68,2026-07-05
INV4338,WH016,PROD0277,10,2,17,2026-05-07
INV4339,WH029,PROD0455,199,18,19,2026-04-24
INV4340,WH014,PROD0229,162,40,115,2026-07-06
INV4341,WH020,PROD0432,475,28,70,2026-07-03
INV4342,WH001,PROD0008,428,158,146,2026-07-08
INV4343,WH033,PROD0266,43,10,18,2026-05-30
INV4344,WH008,PROD0399,140,34,6,2026-04-08
INV4345,WH042,PROD0382,69,4,38,2026-05-22
INV4346,WH047,PROD0467,647,141,65,2026-06-21
INV4347,WH049,PROD0085,97,29,37,2026-05-01
INV4348,WH019,PROD0052,1615,501,220,2026-07-28
INV4349,WH027,PROD0214,184,50,36,2026-06-25
INV4350,WH026,PROD0110,69,17,10,2026-06-20
INV4351,WH046,PROD0221,195,32,43,2026-07-01
INV4352,WH039,PROD0126,135,46,18,2026-06-18
INV4353,WH004,PROD0118,599,233,93,2026-07-18
INV4354,WH014,PROD0249,685,40,110,2026-07-09
INV4355,WH035,PROD0298,45,6,8,2026-07-01
INV4356,WH034,PROD0067,21,6,35,2026-06-14
INV4357,WH045,PROD0153,42,10,24,2026-05-08
INV4358,WH016,PROD0076,102,32,25,2026-06-25
INV4359,WH043,PROD0311,16,2,26,2026-06-04
INV4360,WH029,PROD0320,172,10,12,2026-06-16
INV4361,WH011,PROD0465,135,29,109,2026-06-30
INV4362,WH015,PROD0161,428,36,31,2026-06-18
INV4363,WH048,PROD0135,81,13,25,2026-05-08
INV4364,WH048,PROD0357,651,220,129,2026-07-17
INV4365,WH019,PROD0095,134,9,70,2026-07-06
INV4366,WH024,PROD0463,31,8,28,2026-04-05
INV4367,WH018,PROD0005,1013,309,124,2026-07-30
INV4368,WH021,PROD0308,198,73,20,2026-06-28
INV4369,WH015,PROD0453,363,56,140,2026-07-17
INV4370,WH048,PROD0323,147,39,8,2026-05-14
INV4371,WH005,PROD0432,360,138,130,2026-07-05
INV4372,WH034,PROD0132,322,20,125,2026-07-31
INV4373,WH002,PROD0150,192,66,31,2026-05-31
INV4374,WH030,PROD0198,2464,754,208,2026-07-27
INV4375,WH011,PROD0185,114,45,6,2026-05-27
INV4376,WH039,PROD0073,82,7,30,2026-05-09
INV4377,WH003,PROD0357,581,179,107,2026-07-01
INV4378,WH011,PROD0342,209,36,131,2026-06-28
INV4379,WH036,PROD0346,40,6,28,2026-04-21
INV4380,WH016,PROD0056,446,90,150,2026-07-21
INV4381,WH005,PROD0398,2336,633,231,2026-07-30
INV4382,WH050,PROD0497,194,65,29,2026-06-08
INV4383,WH007,PROD0321,463,60,453,2026-07-17
INV4384,WH045,PROD0127,41,8,34,2026-05-12
INV4385,WH025,PROD0052,1992,741,361,2026-07-27
INV4386,WH038,PROD0215,82,18,28,2026-04-11
INV4387,WH012,PROD0129,799,303,69,2026-07-17
INV4388,WH012,PROD0261,168,58,140,2026-07-17
INV4389,WH029,PROD0324,820,236,239,2026-07-20
INV4390,WH032,PROD0478,192,40,15,2026-04-19
INV4391,WH037,PROD0048,193,75,22,2026-05-25
INV4392,WH037,PROD0157,15,4,5,2026-04-20
INV4393,WH049,PROD0443,149,19,21,2026-05-12
INV4394,WH038,PROD0080,759,186,125,2026-07-04
INV4395,WH033,PROD0254,153,58,6,2026-04-11
INV4396,WH031,PROD0204,180,59,35,2026-05-10
INV4397,WH031,PROD0474,310,20,87,2026-06-19
INV4398,WH010,PROD0180,38,7,11,2026-04-25
INV4399,WH035,PROD0293,124,25,24,2026-05-07
INV4400,WH028,PROD0356,112,29,8,2026-04-05
INV4401,WH039,PROD0098,103,35,15,2026-05-15
INV4402,WH037,PROD0337,764,68,108,2026-07-09
INV4403,WH038,PROD0255,13,2,38,2026-05-18
INV4404,WH021,PROD0295,219,75,33,2026-06-29
INV4405,WH014,PROD0408,705,154,113,2026-06-26
INV4406,WH018,PROD0402,124,45,35,2026-05-02
INV4407,WH018,PROD0018,463,160,133,2026-06-24
INV4408,WH004,PROD0070,103,8,6,2026-04-04
INV4409,WH019,PROD0132,1455,495,118,2026-07-21
INV4410,WH035,PROD0165,127,22,25,2026-06-16
INV4411,WH014,PROD0252,76,10,22,2026-04-23
INV4412,WH043,PROD0336,131,25,29,2026-04-07
INV4413,WH022,PROD0354,1412,420,194,2026-07-31
INV4414,WH002,PROD0290,449,130,57,2026-07-22
INV4415,WH047,PROD0241,43,12,38,2026-04-13
INV4416,WH031,PROD0200,156,35,25,2026-04-07
INV4417,WH004,PROD0485,193,76,40,2026-04-19
INV4418,WH011,PROD0377,760,44,84,2026-06-27
INV4419,WH028,PROD0416,427,137,425,2026-07-29
INV4420,WH020,PROD0136,1006,321,428,2026-07-17
INV4421,WH045,PROD0185,21,5,8,2026-05-02
INV4422,WH007,PROD0222,100,22,19,2026-05-02
INV4423,WH044,PROD0270,1348,299,171,2026-07-27
INV4424,WH005,PROD0301,214,81,79,2026-07-10
INV4425,WH022,PROD0012,185,31,35,2026-06-10
INV4426,WH003,PROD0051,1890,325,410,2026-07-30
INV4427,WH034,PROD0032,591,58,109,2026-06-20
INV4428,WH043,PROD0024,15,1,38,2026-06-24
INV4429,WH048,PROD0158,375,143,172,2026-07-28
INV4430,WH015,PROD0092,542,170,103,2026-07-11
INV4431,WH019,PROD0051,315,57,146,2026-07-20
INV4432,WH023,PROD0465,725,66,108,2026-07-15
INV4433,WH037,PROD0434,1530,217,315,2026-07-17
INV4434,WH007,PROD0278,259,103,100,2026-06-23
INV4435,WH017,PROD0223,1763,147,402,2026-07-26
INV4436,WH010,PROD0015,58,19,19,2026-04-21
INV4437,WH004,PROD0189,1876,377,321,2026-07-21
INV4438,WH010,PROD0112,156,38,23,2026-06-08
INV4439,WH031,PROD0183,792,285,125,2026-07-04
INV4440,WH020,PROD0198,1292,281,342,2026-07-20
INV4441,WH036,PROD0323,93,4,8,2026-06-01
INV4442,WH012,PROD0448,559,161,90,2026-07-14
INV4443,WH014,PROD0417,29,5,30,2026-06-12
INV4444,WH022,PROD0181,60,12,15,2026-05-09
INV4445,WH042,PROD0325,88,25,37,2026-06-01
INV4446,WH036,PROD0368,572,146,127,2026-06-21
INV4447,WH033,PROD0451,781,274,97,2026-07-05
INV4448,WH034,PROD0496,546,124,86,2026-07-12
INV4449,WH032,PROD0404,147,11,29,2026-04-15
INV4450,WH029,PROD0195,269,95,106,2026-06-28
INV4451,WH012,PROD0428,388,85,42,2026-07-02
INV4452,WH010,PROD0010,83,6,6,2026-05-30
INV4453,WH030,PROD0413,204,19,102,2026-07-18
INV4454,WH018,PROD0128,354,140,88,2026-07-19
INV4455,WH024,PROD0225,641,97,148,2026-07-16
INV4456,WH023,PROD0163,17,2,10,2026-04-19
INV4457,WH005,PROD0339,181,54,33,2026-07-15
INV4458,WH024,PROD0203,123,41,19,2026-06-21
INV4459,WH043,PROD0355,128,14,22,2026-04-21
INV4460,WH029,PROD0185,116,46,6,2026-04-30
INV4461,WH007,PROD0362,189,39,33,2026-06-05
INV4462,WH039,PROD0247,481,173,142,2026-07-18
INV4463,WH043,PROD0452,84,8,15,2026-05-11
INV4464,WH036,PROD0316,50,18,15,2026-04-07
INV4465,WH001,PROD0213,29,5,18,2026-04-26
INV4466,WH045,PROD0304,119,13,30,2026-06-26
INV4467,WH006,PROD0500,79,18,20,2026-05-20
INV4468,WH018,PROD0425,130,44,10,2026-06-24
INV4469,WH002,PROD0403,18,1,24,2026-05-20
INV4470,WH048,PROD0125,27,10,12,2026-04-20
INV4471,WH041,PROD0209,159,34,136,2026-07-13
INV4472,WH013,PROD0410,1422,567,487,2026-07-24
INV4473,WH027,PROD0026,93,32,21,2026-04-29
INV4474,WH010,PROD0163,130,44,27,2026-07-01
INV4475,WH020,PROD0206,76,19,8,2026-05-14
INV4476,WH048,PROD0355,138,44,31,2026-06-18
INV4477,WH022,PROD0437,76,8,11,2026-04-27
INV4478,WH007,PROD0407,218,53,68,2026-06-17
INV4479,WH025,PROD0029,477,181,101,2026-07-21
INV4480,WH022,PROD0182,601,65,35,2026-06-17
INV4481,WH021,PROD0455,21,6,21,2026-05-29
INV4482,WH018,PROD0383,240,76,109,2026-07-06
INV4483,WH032,PROD0405,744,177,32,2026-06-19
INV4484,WH003,PROD0034,1645,334,163,2026-07-28
INV4485,WH027,PROD0395,55,7,31,2026-04-28
INV4486,WH029,PROD0023,85,6,14,2026-05-31
INV4487,WH043,PROD0259,219,77,67,2026-07-13
INV4488,WH029,PROD0500,107,21,39,2026-06-22
INV4489,WH028,PROD0274,29,5,21,2026-06-04
INV4490,WH010,PROD0344,67,12,34,2026-05-13
INV4491,WH004,PROD0161,357,115,45,2026-06-23
INV4492,WH002,PROD0408,606,47,85,2026-07-22
INV4493,WH030,PROD0179,38,1,39,2026-07-02
INV4494,WH031,PROD0284,74,11,16,2026-04-29
INV4495,WH007,PROD0272,170,37,32,2026-05-02
INV4496,WH009,PROD0353,33,8,15,2026-06-10
INV4497,WH038,PROD0443,40,2,21,2026-06-06
INV4498,WH010,PROD0057,102,39,15,2026-05-06
INV4499,WH040,PROD0249,647,128,58,2026-07-10
INV4500,WH045,PROD0028,636,69,116,2026-07-16
INV4501,WH023,PROD0304,159,46,22,2026-05-27
INV4502,WH050,PROD0201,161,9,39,2026-04-24
INV4503,WH050,PROD0085,97,6,30,2026-06-16
INV4504,WH007,PROD0381,114,27,140,2026-06-17
INV4505,WH043,PROD0020,27,2,30,2026-04-10
INV4506,WH046,PROD0124,568,207,37,2026-07-08
INV4507,WH040,PROD0181,169,15,11,2026-05-23
INV4508,WH025,PROD0386,29,5,32,2026-04-03
INV4509,WH026,PROD0449,98,36,39,2026-05-13
INV4510,WH025,PROD0439,23,3,13,2026-05-17
INV4511,WH033,PROD0250,292,97,148,2026-07-13
INV4512,WH012,PROD0168,382,126,76,2026-07-20
INV4513,WH002,PROD0199,729,192,64,2026-07-21
INV4514,WH030,PROD0420,62,22,40,2026-04-30
INV4515,WH035,PROD0469,304,110,111,2026-07-04
INV4516,WH004,PROD0328,11,1,32,2026-05-14
INV4517,WH016,PROD0437,192,60,19,2026-06-29
INV4518,WH004,PROD0116,1512,56,25,2026-04-10
INV4519,WH039,PROD0357,743,136,93,2026-07-20
INV4520,WH044,PROD0126,130,42,28,2026-04-14
INV4521,WH030,PROD0453,725,225,36,2026-07-02
INV4522,WH004,PROD0135,130,28,5,2026-06-16
INV4523,WH002,PROD0082,2165,387,317,2026-07-27
INV4524,WH001,PROD0352,22,7,25,2026-04-13
INV4525,WH008,PROD0459,1642,253,351,2026-07-26
INV4526,WH035,PROD0261,100,11,99,2026-07-04
INV4527,WH025,PROD0082,11955,391,184,2026-07-23
INV4528,WH023,PROD0162,329,59,53,2026-07-22
INV4529,WH035,PROD0185,28,10,25,2026-05-16
INV4530,WH022,PROD0081,1335,109,339,2026-07-30
INV4531,WH033,PROD0243,788,43,127,2026-06-30
INV4532,WH014,PROD0444,737,263,125,2026-07-15
INV4533,WH006,PROD0263,400,32,283,2026-07-20
INV4534,WH009,PROD0012,192,26,5,2026-04-30
INV4535,WH018,PROD0377,482,96,38,2026-07-01
INV4536,WH014,PROD0111,930,274,342,2026-07-25
INV4537,WH050,PROD0196,675,139,103,2026-07-06
INV4538,WH040,PROD0104,20,3,14,2026-04-07
INV4539,WH039,PROD0025,1837,357,126,2026-07-26
INV4540,WH003,PROD0225,182,61,49,2026-07-03
INV4541,WH014,PROD0313,404,39,108,2026-07-17
INV4542,WH005,PROD0291,1208,305,320,2026-07-25
INV4543,WH028,PROD0153,63,18,32,2026-05-19
INV4544,WH043,PROD0157,199,77,25,2026-04-05
INV4545,WH049,PROD0061,476,121,34,2026-06-18
INV4546,WH019,PROD0196,338,80,131,2026-07-16
INV4547,WH038,PROD0246,520,69,129,2026-07-08
INV4548,WH003,PROD0066,1112,116,104,2026-07-27
INV4549,WH016,PROD0417,66,17,38,2026-04-26
INV4550,WH043,PROD0292,1883,189,102,2026-07-19
INV4551,WH047,PROD0366,178,9,14,2026-04-30
INV4552,WH050,PROD0159,72,27,39,2026-05-08
INV4553,WH020,PROD0240,141,39,133,2026-06-21
INV4554,WH048,PROD0083,128,39,25,2026-05-02
INV4555,WH028,PROD0104,115,20,37,2026-06-29
INV4556,WH032,PROD0100,642,206,37,2026-06-17
INV4557,WH010,PROD0104,58,12,7,2026-04-21
INV4558,WH038,PROD0278,273,61,67,2026-06-23
INV4559,WH007,PROD0269,187,16,30,2026-06-15
INV4560,WH043,PROD0321,1995,421,196,2026-07-25
INV4561,WH044,PROD0090,2370,174,432,2026-07-21
INV4562,WH037,PROD0199,111,35,31,2026-06-28
INV4563,WH033,PROD0349,2444,897,132,2026-07-17
INV4564,WH004,PROD0160,969,233,289,2026-07-29
INV4565,WH021,PROD0258,15,4,32,2026-04-24
INV4566,WH043,PROD0313,724,287,130,2026-06-23
INV4567,WH014,PROD0064,142,33,101,2026-07-19
INV4568,WH040,PROD0280,98,36,21,2026-05-31
INV4569,WH036,PROD0294,21,2,22,2026-04-25
INV4570,WH021,PROD0277,106,10,34,2026-04-12
INV4571,WH002,PROD0217,532,82,125,2026-06-26
INV4572,WH041,PROD0311,157,45,35,2026-04-12
INV4573,WH002,PROD0272,137,47,40,2026-07-01
INV4574,WH034,PROD0089,174,64,26,2026-04-03
INV4575,WH027,PROD0377,638,37,97,2026-06-21
INV4576,WH006,PROD0171,427,163,92,2026-06-18
INV4577,WH041,PROD0376,122,18,17,2026-06-23
INV4578,WH008,PROD0431,132,51,26,2026-05-14
INV4579,WH039,PROD0309,1428,194,469,2026-07-27
INV4580,WH032,PROD0500,149,19,15,2026-05-06
INV4581,WH027,PROD0223,852,134,116,2026-07-23
INV4582,WH018,PROD0367,1942,106,229,2026-07-17
INV4583,WH029,PROD0230,85,8,31,2026-05-14
INV4584,WH045,PROD0249,623,214,114,2026-07-02
INV4585,WH022,PROD0340,86,14,14,2026-05-30
INV4586,WH026,PROD0233,278,69,108,2026-07-11
INV4587,WH030,PROD0083,44,11,31,2026-05-03
INV4588,WH043,PROD0013,705,99,260,2026-07-19
INV4589,WH011,PROD0225,338,96,101,2026-06-26
INV4590,WH016,PROD0316,44,12,17,2026-04-25
INV4591,WH042,PROD0452,74,16,32,2026-04-10
INV4592,WH028,PROD0045,25,4,19,2026-05-17
INV4593,WH004,PROD0287,89,24,17,2026-05-01
INV4594,WH020,PROD0427,158,15,15,2026-05-11
INV4595,WH024,PROD0003,1933,590,116,2026-07-31
INV4596,WH028,PROD0212,83,28,29,2026-04-12
INV4597,WH028,PROD0039,391,97,107,2026-07-20
INV4598,WH001,PROD0025,735,128,320,2026-07-25
INV4599,WH021,PROD0159,96,6,24,2026-06-01
INV4600,WH034,PROD0446,375,35,139,2026-06-27
INV4601,WH020,PROD0442,4596,253,118,2026-07-12
INV4602,WH012,PROD0421,233,58,73,2026-06-17
INV4603,WH030,PROD0352,60,19,8,2026-04-30
INV4604,WH026,PROD0192,112,34,11,2026-06-27
INV4605,WH035,PROD0348,1954,142,484,2026-07-17
INV4606,WH032,PROD0048,64,17,21,2026-07-02
INV4607,WH002,PROD0209,376,147,52,2026-07-13
INV4608,WH017,PROD0126,89,17,24,2026-04-08
INV4609,WH028,PROD0345,185,64,27,2026-06-25
INV4610,WH019,PROD0256,602,46,116,2026-07-06
INV4611,WH001,PROD0081,2382,596,291,2026-07-20
INV4612,WH046,PROD0430,150,25,39,2026-04-30
INV4613,WH036,PROD0253,91,12,16,2026-06-25
INV4614,WH023,PROD0452,92,28,15,2026-04-26
INV4615,WH011,PROD0391,333,63,36,2026-07-16
INV4616,WH047,PROD0119,383,103,437,2026-07-28
INV4617,WH039,PROD0492,136,20,34,2026-04-03
INV4618,WH019,PROD0117,68,20,14,2026-04-18
INV4619,WH030,PROD0269,119,32,36,2026-04-05
INV4620,WH046,PROD0028,402,152,139,2026-06-22
INV4621,WH041,PROD0326,1911,706,468,2026-07-27
INV4622,WH048,PROD0413,622,53,57,2026-07-04
INV4623,WH041,PROD0460,178,10,9,2026-06-30
INV4624,WH019,PROD0089,167,42,37,2026-06-11
INV4625,WH025,PROD0326,1363,129,167,2026-07-30
INV4626,WH023,PROD0260,99,38,35,2026-06-26
INV4627,WH012,PROD0146,628,31,105,2026-07-18
INV4628,WH031,PROD0289,156,49,10,2026-05-17
INV4629,WH048,PROD0134,68,26,21,2026-04-07
INV4630,WH023,PROD0493,779,309,433,2026-07-29
INV4631,WH017,PROD0141,157,45,121,2026-06-23
INV4632,WH002,PROD0213,176,66,18,2026-06-23
INV4633,WH022,PROD0313,764,124,67,2026-07-07
INV4634,WH048,PROD0402,177,47,22,2026-05-22
INV4635,WH047,PROD0427,41,4,14,2026-04-27
INV4636,WH005,PROD0094,502,41,69,2026-07-13
INV4637,WH006,PROD0164,75,29,21,2026-04-30
INV4638,WH014,PROD0393,575,39,111,2026-06-23
INV4639,WH002,PROD0228,16,4,28,2026-04-11
INV4640,WH009,PROD0198,1190,228,194,2026-07-24
INV4641,WH046,PROD0337,307,51,46,2026-06-25
INV4642,WH050,PROD0254,165,22,38,2026-06-26
INV4643,WH031,PROD0263,1289,481,325,2026-07-22
INV4644,WH043,PROD0169,51,13,17,2026-04-14
INV4645,WH013,PROD0200,154,23,11,2026-04-27
INV4646,WH007,PROD0444,795,227,133,2026-06-18
INV4647,WH024,PROD0232,193,20,14,2026-04-26
INV4648,WH027,PROD0412,100,26,11,2026-05-23
INV4649,WH011,PROD0247,1463,483,328,2026-07-18
INV4650,WH032,PROD0491,704,116,284,2026-07-21
INV4651,WH042,PROD0229,687,51,150,2026-07-08
INV4652,WH042,PROD0153,136,48,26,2026-05-14
INV4653,WH028,PROD0384,688,121,337,2026-07-25
INV4654,WH002,PROD0411,120,13,130,2026-07-20
INV4655,WH020,PROD0340,166,47,27,2026-04-27
INV4656,WH030,PROD0029,105,28,74,2026-07-15
INV4657,WH042,PROD0028,765,90,130,2026-06-26
INV4658,WH001,PROD0170,65,25,36,2026-05-14
INV4659,WH047,PROD0285,129,45,15,2026-04-03
INV4660,WH012,PROD0092,504,144,146,2026-06-20
INV4661,WH013,PROD0046,178,19,125,2026-06-30
INV4662,WH032,PROD0069,178,29,6,2026-05-07
INV4663,WH047,PROD0050,417,57,140,2026-07-03
INV4664,WH008,PROD0304,190,27,29,2026-04-09
INV4665,WH037,PROD0498,1874,266,190,2026-07-21
INV4666,WH018,PROD0004,688,219,149,2026-07-13
INV4667,WH043,PROD0039,463,131,87,2026-07-08
INV4668,WH022,PROD0003,2121,606,130,2026-07-26
INV4669,WH010,PROD0179,32,12,12,2026-06-29
INV4670,WH029,PROD0067,14,3,35,2026-05-18
INV4671,WH048,PROD0192,116,30,32,2026-06-23
INV4672,WH047,PROD0236,185,71,29,2026-07-01
INV4673,WH004,PROD0367,1407,560,220,2026-07-27
INV4674,WH026,PROD0335,1823,332,275,2026-07-24
INV4675,WH024,PROD0215,174,54,30,2026-05-17
INV4676,WH038,PROD0330,132,10,35,2026-05-25
INV4677,WH001,PROD0222,143,8,25,2026-04-15
INV4678,WH047,PROD0078,71,18,20,2026-06-26
INV4679,WH028,PROD0390,189,29,16,2026-06-17
INV4680,WH002,PROD0443,117,44,11,2026-05-15
INV4681,WH030,PROD0113,351,112,264,2026-07-28
INV4682,WH039,PROD0001,602,44,120,2026-06-19
INV4683,WH027,PROD0077,692,260,55,2026-07-19
INV4684,WH023,PROD0445,24,8,35,2026-06-18
INV4685,WH026,PROD0063,1927,244,409,2026-07-31
INV4686,WH030,PROD0030,439,63,103,2026-07-19
INV4687,WH037,PROD0328,184,48,35,2026-05-07
INV4688,WH007,PROD0305,1467,89,311,2026-07-24
INV4689,WH025,PROD0345,22,3,40,2026-05-04
INV4690,WH005,PROD0442,252,31,49,2026-06-20
INV4691,WH049,PROD0251,654,195,96,2026-07-03
INV4692,WH037,PROD0277,140,19,37,2026-06-13
INV4693,WH048,PROD0201,147,30,32,2026-06-10
INV4694,WH045,PROD0120,112,27,141,2026-07-20
INV4695,WH021,PROD0132,2299,909,270,2026-07-22
INV4696,WH013,PROD0437,65,22,29,2026-05-06
INV4697,WH006,PROD0034,1641,521,295,2026-07-24
INV4698,WH005,PROD0142,14,5,39,2026-06-12
INV4699,WH019,PROD0386,113,31,24,2026-04-16
INV4700,WH008,PROD0329,71,13,33,2026-06-22
INV4701,WH037,PROD0143,986,319,439,2026-07-19
INV4702,WH024,PROD0465,683,146,82,2026-07-07
INV4703,WH015,PROD0061,769,136,136,2026-07-18
INV4704,WH016,PROD0196,694,41,132,2026-07-21
INV4705,WH020,PROD0222,197,51,24,2026-05-27
INV4706,WH035,PROD0034,1645,520,150,2026-07-22
INV4707,WH010,PROD0254,153,41,10,2026-04-03
INV4708,WH044,PROD0083,121,8,39,2026-04-17
INV4709,WH028,PROD0491,504,171,427,2026-07-25
INV4710,WH006,PROD0220,2047,171,469,2026-07-25
INV4711,WH030,PROD0351,6461,98,411,2026-07-27
INV4712,WH004,PROD0286,17,5,26,2026-04-27
INV4713,WH010,PROD0144,794,212,31,2026-07-06
INV4714,WH046,PROD0351,1620,181,459,2026-07-24
INV4715,WH003,PROD0119,540,96,201,2026-07-30
INV4716,WH034,PROD0443,115,19,10,2026-05-06
INV4717,WH050,PROD0078,185,28,24,2026-04-15
INV4718,WH027,PROD0136,711,182,412,2026-07-27
INV4719,WH033,PROD0478,64,4,16,2026-05-17
INV4720,WH006,PROD0006,858,106,306,2026-07-28
INV4721,WH009,PROD0075,123,38,36,2026-04-04
INV4722,WH021,PROD0296,1553,307,447,2026-07-29
INV4723,WH040,PROD0338,200,28,28,2026-05-16
INV4724,WH017,PROD0276,1144,66,41,2026-07-07
INV4725,WH021,PROD0332,96,25,35,2026-05-12
INV4726,WH024,PROD0446,205,64,56,2026-06-18
INV4727,WH024,PROD0413,354,76,50,2026-07-09
INV4728,WH049,PROD0111,2327,493,224,2026-07-30
INV4729,WH021,PROD0077,797,80,121,2026-07-08
INV4730,WH007,PROD0379,309,101,102,2026-06-30
INV4731,WH037,PROD0454,2071,223,266,2026-07-25
INV4732,WH013,PROD0454,1212,65,291,2026-07-31
INV4733,WH045,PROD0167,433,28,122,2026-06-19
INV4734,WH034,PROD0088,1498,524,121,2026-07-24
INV4735,WH034,PROD0195,291,67,76,2026-06-30
INV4736,WH037,PROD0097,562,200,32,2026-06-25
INV4737,WH041,PROD0185,139,25,34,2026-06-05
INV4738,WH024,PROD0181,147,14,13,2026-04-07
INV4739,WH013,PROD0480,780,310,40,2026-06-26
INV4740,WH006,PROD0190,302,82,138,2026-07-14
INV4741,WH002,PROD0398,1180,98,253,2026-07-19
INV4742,WH019,PROD0480,554,174,91,2026-07-01
INV4743,WH045,PROD0346,117,9,18,2026-05-01
INV4744,WH038,PROD0301,650,151,90,2026-07-22
INV4745,WH045,PROD0498,1663,190,227,2026-07-23
INV4746,WH036,PROD0379,177,52,132,2026-07-11
INV4747,WH050,PROD0115,178,37,29,2026-05-21
INV4748,WH013,PROD0389,175,25,36,2026-05-14
INV4749,WH008,PROD0082,1642,621,296,2026-07-29
INV4750,WH035,PROD0494,772,247,56,2026-07-05
INV4751,WH044,PROD0138,43,5,29,2026-06-17
INV4752,WH044,PROD0452,106,26,7,2026-05-08
INV4753,WH013,PROD0310,163,12,21,2026-05-20
INV4754,WH034,PROD0103,631,167,122,2026-07-13
INV4755,WH010,PROD0499,2414,133,474,2026-07-25
INV4756,WH007,PROD0385,158,43,61,2026-06-26
INV4757,WH024,PROD0193,163,62,26,2026-04-10
INV4758,WH012,PROD0162,741,196,34,2026-06-28
INV4759,WH014,PROD0164,53,12,40,2026-04-26
INV4760,WH001,PROD0347,150,56,37,2026-04-27
INV4761,WH034,PROD0036,675,57,101,2026-07-24
INV4762,WH012,PROD0469,309,18,120,2026-06-27
INV4763,WH027,PROD0262,17,2,37,2026-04-10
INV4764,WH033,PROD0147,76,25,22,2026-06-06
INV4765,WH050,PROD0058,303,106,52,2026-06-25
INV4766,WH032,PROD0254,116,37,18,2026-04-22
INV4767,WH005,PROD0367,610,138,450,2026-07-17
INV4768,WH020,PROD0358,71,27,7,2026-04-18
INV4769,WH050,PROD0193,141,12,21,2026-06-10
INV4770,WH049,PROD0492,18,6,9,2026-04-26
INV4771,WH030,PROD0086,163,58,10,2026-04-05
INV4772,WH011,PROD0494,495,78,75,2026-06-24
INV4773,WH004,PROD0068,317,23,43,2026-07-14
INV4774,WH029,PROD0403,14,4,24,2026-06-10
INV4775,WH032,PROD0439,90,21,38,2026-04-24
INV4776,WH035,PROD0163,166,32,15,2026-06-29
INV4777,WH017,PROD0060,107,37,27,2026-06-16
INV4778,WH026,PROD0046,666,35,143,2026-07-16
INV4779,WH007,PROD0479,143,30,32,2026-07-18
INV4780,WH012,PROD0388,92,17,9,2026-06-04
INV4781,WH010,PROD0100,656,50,113,2026-07-21
INV4782,WH003,PROD0091,422,152,389,2026-07-21
INV4783,WH006,PROD0427,162,12,24,2026-07-02
INV4784,WH018,PROD0199,730,257,79,2026-07-17
INV4785,WH026,PROD0019,576,209,93,2026-07-13
INV4786,WH041,PROD0381,389,114,76,2026-07-19
INV4787,WH036,PROD0004,544,158,124,2026-07-09
INV4788,WH023,PROD0118,346,20,56,2026-06-29
INV4789,WH046,PROD0096,2025,791,167,2026-07-26
INV4790,WH037,PROD0140,106,14,12,2026-05-01
INV4791,WH024,PROD0341,176,14,133,2026-07-01
INV4792,WH009,PROD0016,1921,133,326,2026-07-28
INV4793,WH001,PROD0245,416,70,41,2026-07-10
INV4794,WH027,PROD0213,96,23,20,2026-06-02
INV4795,WH025,PROD0116,179,39,38,2026-05-17
INV4796,WH039,PROD0052,1611,476,358,2026-07-31
INV4797,WH036,PROD0153,36,10,30,2026-06-14
INV4798,WH003,PROD0048,192,44,24,2026-05-08
INV4799,WH002,PROD0116,157,57,21,2026-04-12
INV4800,WH046,PROD0346,195,68,23,2026-05-14
INV4801,WH007,PROD0258,259,4,6,2026-06-15
INV4802,WH039,PROD0268,150,46,5,2026-05-12
INV4803,WH008,PROD0437,134,28,27,2026-06-28
INV4804,WH048,PROD0297,51,10,29,2026-05-04
INV4805,WH002,PROD0144,510,141,42,2026-06-27
INV4806,WH044,PROD0327,627,248,110,2026-07-04
INV4807,WH044,PROD0221,454,162,84,2026-06-18
INV4808,WH036,PROD0426,18752,233,184,2026-07-31
INV4809,WH032,PROD0042,130,23,136,2026-07-08
INV4810,WH015,PROD0146,599,48,78,2026-07-04
INV4811,WH048,PROD0241,39,6,33,2026-05-26
INV4812,WH019,PROD0187,1808,696,281,2026-07-31
INV4813,WH004,PROD0075,170,51,6,2026-05-09
INV4814,WH031,PROD0101,422,41,84,2026-07-06
INV4815,WH009,PROD0304,75,20,18,2026-05-11
INV4816,WH040,PROD0013,2432,396,181,2026-07-27
INV4817,WH008,PROD0136,2063,422,440,2026-07-27
INV4818,WH013,PROD0215,11,0,33,2026-05-26
INV4819,WH028,PROD0007,52,5,16,2026-05-17
INV4820,WH013,PROD0339,774,107,40,2026-07-10
INV4821,WH012,PROD0280,17,6,27,2026-05-25
INV4822,WH003,PROD0050,497,131,61,2026-06-24
INV4823,WH036,PROD0138,151,13,15,2026-04-23
INV4824,WH014,PROD0109,725,193,125,2026-06-27
INV4825,WH049,PROD0456,656,182,50,2026-06-25
INV4826,WH028,PROD0488,37,11,13,2026-06-25
INV4827,WH018,PROD0370,518,94,137,2026-06-22
INV4828,WH023,PROD0196,273,66,72,2026-07-19
INV4829,WH044,PROD0040,764,104,140,2026-07-03
INV4830,WH037,PROD0298,154,32,14,2026-05-18
INV4831,WH038,PROD0297,53,4,37,2026-05-08
INV4832,WH022,PROD0392,37,8,21,2026-06-02
INV4833,WH021,PROD0350,1666,226,172,2026-07-31
INV4834,WH044,PROD0445,195,32,39,2026-05-11
INV4835,WH035,PROD0391,225,14,140,2026-06-19
INV4836,WH034,PROD0439,62,7,7,2026-05-20
INV4837,WH001,PROD0376,181,60,39,2026-06-04
INV4838,WH034,PROD0149,14,3,11,2026-05-08
INV4839,WH026,PROD0304,46,16,9,2026-04-19
INV4840,WH002,PROD0169,13,3,36,2026-06-20
INV4841,WH023,PROD0249,400,68,146,2026-07-03
INV4842,WH002,PROD0436,2087,754,402,2026-07-30
INV4843,WH030,PROD0409,544,132,90,2026-07-09
INV4844,WH008,PROD0396,187,36,25,2026-05-16
INV4845,WH021,PROD0307,572,141,109,2026-07-12
INV4846,WH027,PROD0117,52,5,35,2026-06-05
INV4847,WH015,PROD0251,143,35,54,2026-07-17
INV4848,WH021,PROD0210,515,148,127,2026-07-02
INV4849,WH017,PROD0033,339,19,69,2026-07-10
INV4850,WH034,PROD0334,1244,401,176,2026-07-22
INV4851,WH045,PROD0281,187,11,112,2026-06-25
INV4852,WH047,PROD0322,32,10,11,2026-05-03
INV4853,WH018,PROD0096,1273,170,319,2026-07-20
INV4854,WH043,PROD0111,2194,144,227,2026-07-23
INV4855,WH017,PROD0099,83,14,9,2026-06-08
INV4856,WH046,PROD0062,121,23,40,2026-06-14
INV4857,WH048,PROD0147,128,7,29,2026-06-11
INV4858,WH031,PROD0454,1237,196,475,2026-07-26
INV4859,WH021,PROD0478,99,20,31,2026-05-24
INV4860,WH013,PROD0033,767,175,42,2026-06-27
INV4861,WH012,PROD0208,1948,531,218,2026-07-24
INV4862,WH035,PROD0445,175,25,38,2026-04-16
INV4863,WH003,PROD0064,405,87,100,2026-06-29
INV4864,WH007,PROD0208,1829,423,321,2026-07-31
INV4865,WH044,PROD0406,77,22,9,2026-04-28
INV4866,WH043,PROD0067,82,27,23,2026-05-12
INV4867,WH011,PROD0222,26,3,34,2026-06-06
INV4868,WH035,PROD0235,322,110,127,2026-06-25
INV4869,WH037,PROD0100,195,22,96,2026-07-17
INV4870,WH049,PROD0078,160,49,17,2026-04-27
INV4871,WH022,PROD0004,765,246,59,2026-07-22
INV4872,WH048,PROD0118,383,106,102,2026-07-15
INV4873,WH012,PROD0372,132,38,17,2026-04-22
INV4874,WH007,PROD0105,1257,348,472,2026-07-24
INV4875,WH011,PROD0326,2296,563,456,2026-07-19
INV4876,WH024,PROD0177,63,18,16,2026-05-17
INV4877,WH003,PROD0478,54,10,10,2026-06-07
INV4878,WH004,PROD0334,1276,202,225,2026-07-23
INV4879,WH031,PROD0389,143,7,34,2026-05-12
INV4880,WH001,PROD0242,954,278,311,2026-07-17
INV4881,WH033,PROD0037,10,0,26,2026-04-05
INV4882,WH027,PROD0247,2499,589,138,2026-07-29
INV4883,WH029,PROD0313,748,123,58,2026-06-18
INV4884,WH015,PROD0483,537,194,497,2026-07-23
INV4885,WH012,PROD0404,124,18,38,2026-06-20
INV4886,WH016,PROD0304,91,23,20,2026-05-10
INV4887,WH016,PROD0485,54,5,7,2026-05-07
INV4888,WH007,PROD0441,183,36,10,2026-05-20
INV4889,WH050,PROD0386,50,16,19,2026-06-26
INV4890,WH005,PROD0348,1444,91,297,2026-07-24
INV4891,WH046,PROD0040,254,35,101,2026-07-22
INV4892,WH011,PROD0020,153,14,17,2026-05-10
INV4893,WH022,PROD0207,290,69,57,2026-06-24
INV4894,WH028,PROD0360,27,8,35,2026-06-04
INV4895,WH029,PROD0236,114,22,6,2026-04-03
INV4896,WH005,PROD0362,71,17,31,2026-04-22
INV4897,WH028,PROD0185,131,38,23,2026-06-23
INV4898,WH017,PROD0330,66,24,31,2026-05-12
INV4899,WH016,PROD0244,480,176,83,2026-07-17
INV4900,WH023,PROD0114,450,98,91,2026-06-24
INV4901,WH037,PROD0071,1432,188,273,2026-07-23
INV4902,WH044,PROD0476,2401,489,457,2026-07-28
INV4903,WH011,PROD0098,168,24,29,2026-06-28
INV4904,WH012,PROD0180,109,7,36,2026-04-12
INV4905,WH031,PROD0416,2417,402,188,2026-07-22
INV4906,WH005,PROD0468,507,153,127,2026-07-16
INV4907,WH029,PROD0370,4160,133,56,2026-07-12
INV4908,WH047,PROD0490,17,3,24,2026-06-05
INV4909,WH040,PROD0457,150,45,5,2026-04-28
INV4910,WH008,PROD0008,636,168,82,2026-07-16
INV4911,WH032,PROD0435,614,176,56,2026-07-09
INV4912,WH040,PROD0156,18,3,15,2026-04-07
INV4913,WH023,PROD0462,475,180,133,2026-07-17
INV4914,WH021,PROD0244,408,50,96,2026-06-28
INV4915,WH005,PROD0498,344,97,450,2026-07-17
INV4916,WH022,PROD0162,590,177,56,2026-06-19
INV4917,WH004,PROD0293,113,35,5,2026-06-29
INV4918,WH008,PROD0209,790,221,140,2026-07-18
INV4919,WH006,PROD0226,106,35,30,2026-06-30
INV4920,WH019,PROD0356,105,22,29,2026-04-17
INV4921,WH033,PROD0044,400,126,57,2026-07-08
INV4922,WH025,PROD0444,734,154,87,2026-07-01
INV4923,WH024,PROD0135,110,26,6,2026-05-14
INV4924,WH012,PROD0214,15,1,28,2026-06-08
INV4925,WH011,PROD0417,171,50,24,2026-04-16
INV4926,WH038,PROD0205,486,117,122,2026-07-19
INV4927,WH047,PROD0417,185,39,12,2026-04-28
INV4928,WH036,PROD0019,395,108,43,2026-07-04
INV4929,WH015,PROD0481,1552,218,369,2026-07-24
INV4930,WH008,PROD0465,677,239,142,2026-07-07
INV4931,WH011,PROD0081,1153,318,111,2026-07-22
INV4932,WH014,PROD0484,171,13,117,2026-07-12
INV4933,WH022,PROD0426,2100,543,410,2026-07-22
INV4934,WH022,PROD0206,109,10,40,2026-05-01
INV4935,WH025,PROD0329,63,13,31,2026-05-19
INV4936,WH042,PROD0349,1816,124,155,2026-07-19
INV4937,WH030,PROD0248,107,18,36,2026-04-16
INV4938,WH045,PROD0330,61,8,13,2026-06-16
INV4939,WH031,PROD0112,129,25,10,2026-04-18
INV4940,WH050,PROD0232,159,9,12,2026-06-16
INV4941,WH022,PROD0136,397,117,183,2026-07-23
INV4942,WH018,PROD0462,1521,568,204,2026-07-23
INV4943,WH025,PROD0431,160,39,33,2026-05-12
INV4944,WH016,PROD0346,109,15,29,2026-05-01
INV4945,WH028,PROD0431,139,49,30,2026-04-16
INV4946,WH031,PROD0266,118,43,19,2026-04-21
INV4947,WH020,PROD0063,1280,81,265,2026-07-22
INV4948,WH040,PROD0147,166,24,8,2026-04-06
INV4949,WH030,PROD0143,1062,221,334,2026-07-31
INV4950,WH018,PROD0176,916,177,345,2026-07-23
INV4951,WH022,PROD0130,127,27,15,2026-04-23
INV4952,WH030,PROD0163,33,3,20,2026-04-15
INV4953,WH001,PROD0123,124,48,39,2026-06-11
INV4954,WH002,PROD0117,90,34,31,2026-04-27
INV4955,WH008,PROD0347,14,3,40,2026-04-10
INV4956,WH031,PROD0236,10,0,35,2026-05-18
INV4957,WH042,PROD0345,169,45,18,2026-04-17
INV4958,WH029,PROD0429,166,53,35,2026-04-05
INV4959,WH026,PROD0418,72,23,10,2026-05-02
INV4960,WH026,PROD0093,114,35,31,2026-05-07
INV4961,WH027,PROD0036,1953,252,219,2026-07-19
INV4962,WH014,PROD0406,146,7,12,2026-06-02
INV4963,WH027,PROD0067,87,13,38,2026-05-10
INV4964,WH026,PROD0204,103,22,22,2026-04-21
INV4965,WH021,PROD0116,110,42,24,2026-05-29
INV4966,WH017,PROD0495,676,101,113,2026-07-01
INV4967,WH042,PROD0239,489,179,51,2026-07-19
INV4968,WH005,PROD0359,280,74,140,2026-06-19
INV4969,WH035,PROD0005,396,42,445,2026-07-22
INV4970,WH016,PROD0440,1878,283,264,2026-07-31
INV4971,WH034,PROD0219,168,10,31,2026-04-17
INV4972,WH039,PROD0087,65,21,17,2026-06-21
INV4973,WH020,PROD0008,378,141,144,2026-07-15
INV4974,WH021,PROD0264,186,61,22,2026-04-05
INV4975,WH006,PROD0334,1014,339,345,2026-07-24
INV4976,WH013,PROD0412,71,24,19,2026-06-02
INV4977,WH040,PROD0160,933,226,110,2026-07-30
INV4978,WH025,PROD0043,524,188,141,2026-07-11
INV4979,WH046,PROD0395,103,15,8,2026-05-10
INV4980,WH005,PROD0274,88,24,9,2026-04-12
INV4981,WH032,PROD0455,72,13,16,2026-04-12
INV4982,WH014,PROD0131,172,50,32,2026-05-16
INV4983,WH019,PROD0220,560,157,165,2026-07-18
INV4984,WH049,PROD0389,148,30,22,2026-05-11
INV4985,WH017,PROD0155,182,64,8,2026-06-23
INV4986,WH049,PROD0263,1008,367,461,2026-07-23
INV4987,WH041,PROD0135,56,16,26,2026-04-13
INV4988,WH009,PROD0425,146,7,32,2026-04-11
INV4989,WH049,PROD0128,618,202,66,2026-06-23
INV4990,WH030,PROD0345,79,27,10,2026-04-29
INV4991,WH024,PROD0358,147,20,13,2026-04-08
INV4992,WH043,PROD0479,422,82,128,2026-07-05
INV4993,WH009,PROD0031,511,143,108,2026-07-21
INV4994,WH007,PROD0050,739,236,130,2026-06-30
INV4995,WH041,PROD0226,49,16,26,2026-06-02
INV4996,WH021,PROD0274,79,10,29,2026-05-24
INV4997,WH017,PROD0139,42,12,40,2026-06-30
INV4998,WH038,PROD0085,197,49,18,2026-06-19
INV4999,WH004,PROD0490,130,17,40,2026-04-30
INV5000,WH002,PROD0435,138,37,60,2026-07-05
